KODE,NAMA BAHAN,SUMBER,ENERGI,PROTEIN,LEMAK,KH,SERAT,Cluster
AR001,"Beras giling, mentah",KZGMI-2001,357.0,8.4,1.7,77.1,0.2,0
AR002,"Beras giling var pelita, mentah",KZGPI- 1990,369.0,9.5,1.4,77.1,0.4,0
AR003,"Beras giling var rojolele, mentah",KZGPI- 1990,357.0,8.4,1.7,77.1,0.2,0
AR004,"Beras hitam, mentah",KZGMI-2001,351.0,8,1.3,76.9,20.1,0
AR005,"Beras jagung kuning, kering, mentah",KZGMI-2001,358.0,5.5,0.1,82.7,10,0
AR006,"Beras jagung putih, kering, mentah",KZGMI-2001,307.0,4.8,0.1,71.8,10,0
AR007,"Beras ketan hitam tumbuk, mentah",KZGPI- 1990,360.0,8,2.3,74.5,1,0
AR008,"Beras ketan putih tumbuk, mentah",KZGPI- 1990,361.0,7.4,0.8,78.4,0.4,0
AR009,"Beras ladang, mentah",KZGMI-2001,376.0,7.5,3.8,78,5.9,0
AR010,"Beras menir, mentah",DABM-1964,362.0,7.7,4.4,73,0.2,0
AR011,Beras parboiled,DABM-1964,353.0,6.8,0.6,80,0.5,0
AR012,"Beras tumbuk, mentah",KZGMI-2001,354.0,7.8,0.4,79.9,3.8,0
AR013,"Beras tumbuk merah, mentahmentah",KZGPI- 1990,352.0,7.3,0.9,76.2,0.8,0
AR014,"Cantel, mentah",DABM-1964,366.0,11,3.3,73,1.2,0
AR015,"Jagung muda, kuning, mentah",KZGPI- 1990,147.0,5.1,0.7,31.5,1.3,0
AR016,"Jagung kuning pipil, kering, mentah",KZGPI- 1990,366.0,9.8,7.3,69.1,2.2,0
AR017,"Jagung pipil var, harapan, kering",KZGPI- 1990,367.0,6.2,5.1,76.2,2.6,0
AR018,"Jagung pipil var, metro, kering",KZGPI- 1990,368.0,5.5,4.6,78,2.9,0
AR019,"Jali, mentah",DABM-1964,324.0,11,4,61,3.1,0
AR020,"Jawawut, mentah",DABM-1964,364.0,9.7,3.5,73.4,8.2,0
AR021,"Jampang huma, mentah",DABM-1964,350.0,6.2,1.4,78.2,1.7,0
AP001,Nasi,KZGPI- 1990,180.0,3,0.3,39.8,0.2,0
AP002,Nasi tim,OKN-1992,120.0,2.4,0.4,26,0.5,0
AP003,"Beras, tapai",KZGMI-2001,99.0,1.7,0.3,22.4,0,0
AP004,"Beras, tepung, mentah",DABM-1964,353.0,7,0.5,80,2.4,0
AP005,"Beras merah, Nasi",KZGPI- 1990,149.0,2.8,0.4,32.5,0.3,0
AP006,"Bihun, mentah",DABM-1964,348.0,4.7,0.1,82.1,1.2,0
AP007,Bihun goreng instan,KZGMS-1993,381.0,6.1,3.9,80.3,,0
AP008,"Bihun Jagung, mentah",BKP,354.0,0.5,0.3,87.4,3,0
AP009,"Jagung nasi, mentah",BKP,357.0,8.8,0.5,79.5,6.2,0
AP010,"Jagung muda, rebus",KZGPI- 1990,142.0,5,0.7,30.3,0.8,0
AP011,"Jagung kuning, tepung",DABM-1964,355.0,9.2,3.9,73.7,7.2,0
AP012,"Jagung kuning pipil, rebus",KZGPI- 1990,154.0,3.8,3.5,28.4,0.7,0
AP013,"Jagung, tepung putih",DABM-1964,355.0,9.2,3.9,73.7,7.2,0
AP014,"Ketan, ketupat",KZGPI- 1990,212.0,4,4.6,38.6,0.2,0
AP015,"Ketan hitam, matang",KZGPI- 1990,181.0,4,1.2,37.3,0.3,0
AP016,"Ketan hitam, tapai",KZGPI- 1990,166.0,3.8,1,34.4,0.3,0
AP017,"Ketan putih, matang",KZGPI- 1990,163.0,3,0.4,35.7,0.2,0
AP018,"Ketan putih, tapai",KZGPI- 1990,172.0,3,0.5,37.5,0.6,0
AP019,"Maizena, tepung",DABM-1964,341.0,0.3,0,85,7,0
AP020,"Makaroni, mentah",DABM-1964,353.0,8.7,0.4,78.7,4.9,0
AP021,Mi basah,DABM-1964,88.0,0.6,3.3,14,0.1,0
AP022,Mi kering,KZGPI- 1990,339.0,10,1.7,6.3,0.4,0
AP023,Misoa,KZGPI- 1990,345.0,8.5,2.2,78,0.5,0
AP024,Roti putih,DABM-1964,248.0,8,1.2,50,9.1,0
AP025,Tepung terigu,KZGPI- 1990,333.0,9,1,77.2,0.3,0
AP026,Amparan tatak,KZGMI-2001,191.0,1.3,5.5,34,,0
AP027,"Apang kukus, kue",KZGMI-2001,202.0,3,0.3,46.7,,0
AP028,"Apem, kue",KZGMI-2001,148.0,2,0.5,33.9,,0
AP029,Biskuit,DABM-1964,458.0,6.9,14.4,75.1,2.1,1
AP030,"Bakpia, kue",KZGPI- 1990,272.0,8.7,6.7,44.1,0.9,0
AP031,Bakwan,KZGPI- 1990,280.0,8.2,10.2,39,3.4,0
AP032,Bantal,KZGMI-2001,190.0,3.3,0.3,43.5,3.4,0
AP033,Baruasa,KZGMI-2001,417.0,6.5,8.2,79.3,,0
AP034,Batar daan,KZGMI-2001,107.0,2.2,2.2,19.6,,0
AP035,Bika ambon,KZGPI- 1990,199.0,2.1,1.5,44.4,0.3,0
AP036,Bingka,KZGMI-2001,273.0,5.3,10.6,39.1,,0
AP037,Bobengka,KZGMI-2001,225.0,5.3,2.6,45.2,,0
AP038,Bolu peca,KZGMI-2001,197.0,3.3,4.6,35.6,,0
AP039,Brem,KZGPI-1990,249.0,3.4,0.4,58,0,0
AP040,Bubur tinotuan(Manado),KZGMI-2001,156.0,2.3,0.2,15.6,8.2,0
AP041,Cake tape,KZGMI-2001,323.0,4.9,11.5,50.1,1.4,0
AP042,Cangkuning,KZGMI-2001,204.0,2.8,7.5,31.4,,0
AP043,Dodol bali,KZGPI- 1990,298.0,3.7,2.1,65.9,0.4,0
AP044,Dodol galamai,KZGMI-2001,348.0,0.4,3.8,76.1,0.5,0
AP045,Dodol kedondong,KZGPI- 1990,331.0,1.9,7.6,63.8,1,0
AP046,Dodol manado,KZGMI-2001,373.0,4.3,16.5,51.9,0.4,1
AP047,Emping beras,KZGMI-2001,403.0,10.6,2.2,71.7,0.2,0
AP048,Gemblong,KZGPI- 1990,274.0,1.7,5.4,55.5,2.2,0
AP049,Gendar goreng,KZGPI- 1990,407.0,6.4,28.2,32,0.1,1
AP050,Intip goreng,KZGPI- 1990,474.0,7.6,21.6,62.3,1.2,1
AP051,Jagung gerontol,KZGPI- 1990,156.0,2.7,1.3,33.3,1,0
AP052,Jagung titi,KZGPI- 1990,374.0,9.4,2.2,79.1,0.8,0
AP053,Japilus,KZGPI- 1990,500.0,1.2,25.1,67.3,0.4,1
AP054,Kakicak,KZGMI-2001,296.0,3.4,15.1,36.7,,0
AP055,Kambose,KZGMI-2001,164.0,3,2.4,32.6,4.3,0
AP056,Kapusa,KZGMI-2001,158.0,4.4,3.2,27.8,5.3,0
AP057,Keddo bodong,KZGMI-2001,290.0,4.6,5.7,55.2,,0
AP058,"Kelepon, kue",KZGMI-2001,215.0,3.7,3.7,41.8,1,0
AP059,Kereput,KZGMI-2001,580.0,4.8,39.6,51.1,,1
AP060,Ketoprak,KZGPI-1990,153.0,7.9,7.7,13,2.9,0
AP061,Ketupat kandangan,KZGMI-2001,109.0,2.2,5.2,13.4,,0
AP062,Koya,KZGMI-2001,366.0,4.2,4.3,77.5,0.8,0
AP063,Koya mirasa,KZGMI-2001,370.0,8,1,82.2,0.4,0
AP064,Koyabu,KZGMI-2001,241.0,3.4,4.3,47.2,,0
AP065,Kue ali,KZGMI-2001,440.0,3.8,18.5,64.5,0.3,1
AP066,Kue bangen,KZGMI-2001,442.0,3.3,14.7,74.2,,1
AP067,Kue gelang,KZGMI-2001,448.0,5.8,16.1,70,,1
AP068,Kue jahe,KZGPI- 1990,425.0,1.6,8.8,84.6,1.2,0
AP069,Kue kelapa,KZGMI-2001,591.0,5.6,42.1,47.5,,1
AP070,Kue koa,KZGMI-2001,340.0,4.8,0.4,79.3,,0
AP071,Kue ku temu,KZGMI-2001,214.0,3.5,0.2,49.6,,0
AP072,Kue lumpur,KZGMS-1993,291.0,3.6,11.1,44.1,,0
AP073,Kue pelita,KZGMI-2001,141.0,5.3,5.5,17.6,,0
AP074,Kue putu cangkir,KZGPI- 1990,304.0,5.3,7,54.9,0.9,0
AP075,Kue sus,KZGMS-1993,221.0,7.5,10.2,24.8,,0
AP076,Kue thipan,KZGMI-2001,247.0,2.9,4.2,49.5,,0
AP077,Laksa/Putu mayang,KZGMI-2001,121.0,1.7,3.4,21.1,,0
AP078,Lapis legit,KZGPI- 1990,389.0,6.6,15.7,55.5,0.5,1
AP079,Lupis ketan,KZGPI- 1990,164.0,1.8,2.1,34.5,0.7,0
AP080,Manan samin,KZGMI-2001,379.0,3.4,18.1,50.6,,1
AP081,Martabak india,KZGMI-2001,153.0,4.5,4.2,24.3,,0
AP082,Martabak mesir,KZGMI-2001,278.0,5.1,8.6,45,,0
AP083,Masekat,KZGMI-2001,369.0,2.1,7,74.1,4,0
AP084,Mie aceh rebus,KZGMI-2001,113.0,3,3.2,18.1,,0
AP085,Mie ayam,KZGMS-1993,102.0,6.2,3.9,10.5,,0
AP086,Mie bakso,KZGMS-1993,114.0,5.3,3,16.4,0.1,0
AP087,Mie celon,KZGMI-2001,102.0,3,2.1,17.8,,0
AP088,Mie pangsit basah,KZGMS-1993,105.0,5.9,4.9,9.4,,0
AP089,Nasi gemuk,KZGMI-2001,192.0,3.8,8.8,24.4,0.7,0
AP090,Nasi gurih,KZGMI-2001,190.0,4.7,7.5,26,0.7,0
AP091,Nasi minyak,KZGMI-2001,207.0,3.5,5,37.1,0.8,0
AP092,Nasi rames,KZGMS-1993,155.0,10.3,4.2,19.1,,0
AP093,Nopia spesial,KZGPI- 1990,387.0,5.3,7.6,74.3,0.3,0
AP094,Onde-onde,KZGMI-2001,336.0,4,9.8,57.9,,0
AP095,Padamaran,KZGMI-2001,171.0,3.9,8.9,18.8,,0
AP096,Pastel,KZGMS-1993,307.0,4.5,13.3,42.4,,0
AP097,Pulut,KZGMI-2001,216.0,2.6,3.1,44.4,,0
AP098,Pundut nasi,KZGMI-2001,104.0,1.9,4.1,15.1,0.4,0
AP099,Putri hijau,KGZMI-2001,189.0,"5,4","2,1","37,2",,0
AP100,Putri selat,KZGMI-2001,163.0,2.2,6.5,23.8,,0
AP101,Putu sopa,KZGMI-2001,215.0,3.3,4.1,41.1,,0
AP102,Renggi goreng,KZGMI-2001,471.0,4.7,21.8,64.1,6.4,1
AP103,Roti boong,KZGMI-2001,341.0,5.5,16.2,43.3,,1
AP104,Roti warna sawo matang,DABM-1964,249.0,7.9,1.5,49.7,,0
AP105,Sarimuka,KZGMI-2001,166.0,2.3,2.8,32.9,,0
AP106,Spaghetti,KZGMS-1993,139.0,7.4,2.1,22.6,,0
AP107,Srikaya ketan,KZGMI-2001,265.0,2.7,6.4,49.1,,0
AP108,Sunduk lawang,KZGMI-2001,181.0,1.9,1.3,32.4,,0
AP109,Suwir-suwir,KZGPI- 1990,347.0,0.5,0.9,84.2,0.8,0
AP110,Tipa-tipa,KZGPI- 1990,355.0,6.2,1.2,79.8,1.3,0
AP111,Wajit camilan,KZGPI- 1990,303.0,6.3,2.7,63.3,6.9,0
AP112,Widaran,KZGPI- 1990,424.0,1.3,10.7,80.7,0.2,0
AP113,Wingko babat,KZGPI- 1990,355.0,3.2,15.1,51.4,2.4,0
AP114,Yangko,KZGPI- 1990,254.0,3,1.1,58.1,0.8,0
BR001,"Arrowroot, segar",KZGPI- 1990,102.0,1,0.2,24.1,1.7,0
BR002,"Batatas gembili, segar",KZGMI-2001,76.0,1.1,0.9,16,4.2,0
BR003,"Batatas kelapa, ubi, segar",KZGMI-2001,89.0,1.1,0.1,21,4,0
BR004,"Belitung, talas, segar",KZGPI- 1990,145.0,1.2,0.4,34.2,1.5,0
BR005,"Bengkuang, segar",DABM- 1964,59.0,1.4,0.2,12.8,1,0
BR006,"Bentul (Komba), talas, segar",KZGPI- 1990,98.0,1.6,0.7,20.9,0.7,0
BR007,"Gadeng/Gadung, kering",KZGMI-2001,322.0,2.4,0.6,76.6,,0
BR008,"Gadung, ubi, segar",KZGPI- 1990,100.0,0.9,0.3,23.5,2.1,0
BR009,"Ganyong, segar",KZGPI- 1990,77.0,0.6,0.2,18.4,0.8,0
BR010,"Gembili, ubi, segar",KZGPI- 1990,131.0,1.1,0.2,31.3,1.1,0
BR011,"Hofa/Ubi hutan, segar",KZGMI-2001,127.0,1.2,0.5,29.5,3.4,0
BR012,"Kaburan, ubi, segar",KZGPI- 1990,133.0,1,0.2,32.2,0.7,0
BR013,"Kentang, segar",KZGPI- 1990,62.0,2.1,0.2,13.5,0.5,0
BR014,"Kentang hitam, segar",DABM- 1964,142.0,0.9,0.4,33.7,5.4,0
BR015,"Keribang, ubi, segar",KZGPI- 1990,137.0,1.3,1.1,29.8,0.6,0
BR016,"Ketela pohon/singkong, segar",KZGPI- 1990,154.0,1,0.3,36.8,0.9,0
BR017,Lepok/Ubi rumput,KZGMI-2001,181.0,2.8,1.2,39.8,10.7,0
BR018,"Sagu aren, kering",KZGPI- 1990,355.0,0.6,1.1,85.6,0.3,0
BR019,"Sagu aren, segar",KZGMI-2001,231.0,0.6,0.2,56.6,3.2,0
BR020,Sagu kasbi segar,KZGMI-2001,230.0,0.6,0.2,56.5,3,0
BR021,Sagu lempeng,KZGMI-2001,347.0,0.9,0.3,85.2,4.7,0
BR022,"Sagu singkong, kering",DABM- 1964,362.0,0.5,0.3,86.9,,0
BR023,"Sente, talas, segar",DABM- 1964,353.0,0.7,0.2,84.7,6.6,0
BR024,"Suweg, talas, segar",KZGPI- 1990,74.0,1.4,0.1,17.2,1.4,0
BR025,"Talas bogor, segar",KZGPI- 1990,108.0,1.4,0.4,25,0.9,0
BR027,"Talas viqueque, segar",KZGMI-2001,115.0,1.8,0.5,25.9,8.6,0
BR028,"Ubi jalar, kuning, segar",KZGMI-2001,119.0,0.5,0.4,25.1,4.2,0
BR029,"Ubi jalar manis, segar",KZGPI- 1990,83.0,1.5,0.2,18.8,0.6,0
BR030,"Ubi jalar merah, segar",KZGPI- 1990,151.0,1.6,0.3,35.4,0.7,0
BR031,"Ubi jalar putih, segar",KZGMI-2001,88.0,0.4,0.4,20.6,4,0
BR032,Ubi jalar tinta/kemayung,KZGMI-2001,108.0,0.5,0.4,25.6,4.2,0
BR033,"Umbi Uwi, segar",BKP,120.0,2.8,0.5,82.3,2.6,0
BP001,"Batatas kelapa, ubi, bakar",KZGMI-2001,110.0,1.4,1.1,23.4,4.5,0
BP002,"Batatas kelapa, ubi, kukus",KZGMI-2001,92.0,1.2,0.3,21,4.1,0
BP003,"Batatas tali, ubi, rebus",KZGMI-2001,182.0,2.4,0.4,42.2,9.2,0
BP004,"Belitung, talas, kukus",KZGPI- 1990,145.0,1.2,0.4,34.2,1,0
BP005,"Bentul, talas, kukus",KZGPI- 1990,71.0,2.3,0.3,15.4,0.5,0
BP006,"Gadung, ubi, kukus",KZGPI- 1990,88.0,0.6,0.3,20.9,0.9,0
BP007,"Ganyong, rebus",KZGPI- 1990,100.0,0.8,0.2,23.8,0.9,0
BP008,Ketela pohon/singkong kukus,KZGPI- 1990,153.0,1.2,0.3,36.4,1.3,0
BP009,"Suweg, talas, kukus",KZGPI- 1990,93.0,1.5,0.1,21.9,0.9,0
BP010,"Talas bogor, kukus",KZGPI- 1990,120.0,1.5,0.3,28.2,0.7,0
BP011,"Ubi jalar, kuning, kukus",KZGPI- 1990,100.0,0.7,0.3,23.8,1,0
BP012,Ubi jalar tinta/kemayung kukus,KZGPI- 1990,165.0,0.9,0.2,39.8,1.1,0
BP013,Bagea kelapa asin,KZGMI-2001,450.0,3.2,13.9,78.1,,1
BP014,Bagea kelapa manis,KZGMI-2001,452.0,1.3,13.8,80.6,,1
BP015,Bagea kenari asin,KZGMI-2001,529.0,3.2,29.1,63.6,,1
BP016,Bagea kenari manis,KZGMI-2001,523.0,3.2,28.2,64.2,,1
BP017,Bagea kw 1,KZGPI- 1990,416.0,6.5,9.4,76.3,0.4,0
BP018,Bagea kw 2,KZGPI- 1990,382.0,0.3,3.5,87.2,8,0
BP019,Beras Cerdas,BKP,350.0,2.7,1.1,82.3,6.2,0
BP020,Beras ganyong,BKP,364.0,3.4,0.7,86.3,4.7,0
BP021,Beras Siger,BKP,344.0,1.1,0.2,28.3,5.6,0
BP022,Biji nangka/Biji salak,KZGMI-2001,262.0,2.3,5.4,51.1,8,0
BP023,Bubur sagu,KZGMI-2001,167.0,0.2,4,33,,0
BP024,Cassavastick,KZGPI- 1990,460.0,0.8,18.7,71.8,1.6,1
BP025,Ceriping getuk singkong,KZGPI- 1990,462.0,1.2,20.7,67.7,0.6,1
BP026,Gatot,BKP,347.0,1.3,0.7,83.8,5.8,0
BP027,Geblek,BKP,195.0,0.4,1.7,44.4,3.6,0
BP028,Getuk goreng,KZGPI- 1990,360.0,1.3,6.4,74.3,0.8,0
BP029,Getuk singkong,KZGPI- 1990,204.0,0.5,1.4,47.4,0.8,0
BP030,Gurandil,KZGPI- 1990,218.0,0.5,2.5,48.5,3.1,0
BP031,Kabuto,KZGMI-2001,250.0,2.6,2.5,35.4,1.8,0
BP032,Kapurung,KZGMI-2001,41.0,2,0.3,7.8,2,0
BP033,Kecimpring singkong goreng,KZGPI- 1990,464.0,1.2,18.6,73,1.3,1
BP034,Keremes,KZGPI- 1990,475.0,1.6,25.2,64.4,2.1,1
BP035,Keripik gadung,KZGPI- 1990,446.0,2.8,14.5,76,1.7,1
BP036,Keripik kentang,KZGMI-2001,448.0,2.7,18.8,67.1,3.8,1
BP037,Keripik singkong,KZGPI- 1990,478.0,0.9,20.7,72,2,1
BP038,Keripik singkong berbumbu,KZGPI- 1990,481.0,2.2,19.7,73.6,1.6,1
BP039,Keripik ubi,KZGMI-2001,486.0,0.2,23.9,67.6,14.3,1
BP040,Kerupuk cumi goreng,KZGMI-2001,444.0,6.9,14.6,71.3,5,1
BP041,Kerupuk kemplang (ikan) mentah,KZGMI-2001,325.0,1.8,0.4,78.5,4.5,0
BP042,Kerupuk kemplang goreng,KZGPI- 1990,504.0,5.6,28.1,57.1,0.3,1
BP043,Kerupuk kemplang panggang,KZGPI- 1990,356.0,9.7,1.1,76.9,1,0
BP044,Kerupuk mie kuning goreng,KZGPI- 1990,476.0,0.1,21.1,71.3,4.2,1
BP045,Kerupuk udang goreng,KZGMI-2001,477.0,4.7,20.5,68.5,5,1
BP046,Kue bangket,KZGMI-2001,338.0,1.5,1.2,80.3,,0
BP047,Kue putu singkong,KZGMI-2001,217.0,1.2,0.5,53.2,2.4,0
BP048,Lanting getuk,KZGPI- 1990,422.0,0.9,10.8,80.4,1.4,0
BP049,Mi golosor,KZGPI- 1990,71.0,0.2,0.8,15.9,0.1,0
BP050,Mie Bendo,BKP,353.0,0.3,0,88,2.4,0
BP051,Mie Sagu,BKP,190.0,0.2,0.4,46.5,1.4,0
BP052,Ongol-ongol sagu,KZGPI- 1990,111.0,0.3,2.7,21.2,0.3,0
BP053,Oyek,BKP,351.0,0.9,0.9,84.9,4.3,0
BP054,Papeda,KZGMI-2001,61.0,0.2,0.1,14.9,0.5,0
BP055,Rasbi (Beras Ubi),BKP,394.0,2.2,8.8,76.6,6.8,0
BP056,Rasi (Beras Singkong),BKP,350.0,0.9,0.4,85.7,14.4,0
BP057,Sagu forno,KZGMI-2001,291.0,0.5,4,63.4,,0
BP058,Sagu Lemak (Kue Sagon),BKP,452.0,2.8,14.8,76.8,1.1,1
BP059,Sagu manis,KZGMI-2001,287.0,0.5,3.9,62.4,,0
BP060,Sagu Rendang,BKP,364.0,0.1,0.2,90.5,1.9,0
BP061,Sagu sinole,KZGMI-2001,354.0,0.8,8.3,68.9,,0
BP062,Serimping talas kebumen,KZGPI- 1990,478.0,2.5,21.2,69.2,1.7,1
BP063,Tapai singkong,KZGPI- 1990,169.0,1.4,0.3,40.2,2,0
BP064,Tepung Arrowroot,DABM- 1964,355.0,0.7,0.2,85.2,0.4,0
BP065,Tepung Ganyong,BKP,353.0,0.8,1.7,83.6,0.7,0
BP066,Tepung Gaplek,BKP,345.0,2.4,0.4,83.1,6.7,0
BP067,"Tepung kentang, kering",DABM- 1964,347.0,0.3,0.1,85.6,0.4,0
BP068,Tepung Mocaf,BKP,350.0,1.2,0.6,85,6,0
BP069,Tepung Sente,BKP,326.0,4,0.4,76.7,8.5,0
BP070,Tepung singkong/Tapioka,DABM- 1964,363.0,1.1,0.5,88.2,0.9,0
BP071,Tepung Tales Beneng,BKP,332.0,5.7,0.6,76.1,12.2,0
BP072,Tepung Ubi Ungu,BKP,354.0,2.8,0.6,84.4,12.9,0
BP073,Tiwul,BKP,353.0,2.4,1.1,83.4,6.5,0
BP074,Tiwul Instan,BKP,395.0,3.2,8.5,76.5,4.2,0
BP075,Ubi Cilembu,BKP,186.0,1.9,0.2,44.3,3.4,0
BP076,Uli batatas,KZGMI-2001,150.0,1.1,4,27.4,,0
CR001,"Kacang arab, kering",DABM-1964,330.0,23.8,1.4,60.2,17.4,0
CR003,"Kacang belimbing (kecipir), kering",KZGPI-1990,400.0,34.4,16.9,34.1,10.7,1
CR004,"Kacang beracun, segar",KZGMI-2001,118.0,4.4,1.5,21.6,,0
CR005,"Kacang bogor, kering",DABM-1964,370.0,16,6,65,26.3,0
CR006,"Kacang bogor, segar",KZGPI-1990,165.0,7.7,3.1,27.4,2.5,0
CR007,"Kacang endel, biji, kering",DABM-1964,331.0,25,1,58,23.6,0
CR008,"Kacang ercis, segar",KZGMI-2001,129.0,12.4,0.7,18.3,28.6,0
CR009,"kacang galing, segar",DABM-1964,336.0,23.1,1.7,59.5,,0
CR010,"Kacang gude, biji, kering",KZGPI-1990,316.0,20.7,1,58,4.6,0
CR011,"Kacang gude, biji, segar",DABM-1964,114.0,7,0.6,20.8,4.4,0
CR012,"Kacang hijau var, bakti, kering",KZGPI-1990,350.0,17.1,1.8,70.7,5.7,0
CR013,"Kacang hijau var, siwalik, kering",KZGPI-1990,339.0,20.8,2.1,64.6,7.4,0
CR014,"Kacang hijau, kering",KZGPI-1990,323.0,22.9,1.5,56.8,7.5,0
CR015,"Kacang hitam, kering",KZGMI-2001,346.0,16.6,1.7,66.1,22.8,0
CR016,"Kacang kapri, segar",DABM-1964,98.0,6.7,0.4,17.7,6.2,0
CR017,"Kacang kedelai, kering",KZGPI-1990,381.0,40.4,16.7,24.9,3.2,1
CR018,"Kacang kedelai, segar",DABM-1964,286.0,30.2,15.6,30.1,2.9,1
CR019,"Kacang kincai, kering",KZGMI-2001,444.0,19.9,16,55,,1
CR020,"Kacang komak, segar",KZGMI-2001,327.0,16.4,4.3,55.8,0.5,0
CR021,"Kacang kuning, kering",KZGMI-2001,355.0,17,2.5,66,15.1,0
CR022,"Kacang lebui /iris, kering",KZGMI-2001,346.0,16.5,1.5,66.6,37.3,0
CR023,"Kacang mentega, kering",KZGMI-2001,344.0,16.7,2.1,64.6,13,0
CR024,"Kacang merah /banda, kering",KZGMI-2001,350.0,13.9,3,66.9,26.3,0
CR025,"Kacang merah tua, kering",KZGPI- l990,280.0,16.7,1.6,63.2,4.6,0
CR026,"Kacang merah, kering",KZGPI- l990,314.0,22.1,1.1,56.2,4,0
CR027,"Kacang merah, segar",KZGPI- l990,171.0,11,2.2,28,2.1,0
CR028,"Kacang mete/biji jambu monyet, segar",KZGMI-2001,616.0,16.3,48.4,28.7,0.9,1
CR029,"Kacang panjang, biji, kering",DABM-1964,357.0,17.3,1.5,68.6,10.6,0
CR030,Kacang tanah sangan,KZGPI- l990,560.0,29.5,43,24.1,2.9,1
CR031,Kacang tanah sangan tanpa selaput,DABM-1964,559.0,26.9,44.2,23.6,2.6,1
CR032,"Kacang tanah, kering",KZGPI- l990,525.0,27.9,42.7,17.4,2.4,1
CR033,"Kacang tolo / tunggak, kering",KZGPI- l990,331.0,24.4,1.9,56.6,1.6,0
CR034,"Kacang tunis, kering",KZGMI-2001,351.0,12.2,1.2,72.9,29.5,0
CR035,"Kacang uci, kering",KZGPI- l990,358.0,23.4,2.4,60.6,7.4,0
CR036,"Kacang urei, kering",KZGMI-2001,354.0,12.8,1.8,69.3,26.1,0
CR037,"Kenari banda, kering",KZGMI-2001,616.0,13.9,56.2,13.7,,1
CR038,"Kenari, kering",DABM-1964,657.0,15,66,13,,1
CR039,"Komak polong, segar",KZGMI-2001,99.0,3.3,0.1,21.2,10.3,0
CR040,"Koro andong, kering",KZGPI- 1990,356.0,20.5,4.1,61.6,7,0
CR041,"Koro benguk, biji, kering",DABM-1964,332.0,24,3,55,5.6,0
CR042,"Koro kerupuk, biji, segar",DABM-1964,125.0,8.3,0.7,22.1,2.2,0
CR043,"Koro loke, biji, segar",DABM-1964,33.0,2.7,0.2,7.9,3.5,0
CR044,"Koro roay, kering",KZGPI- 1990,344.0,12.5,2.1,69.4,7.5,0
CR045,"Koro wedus, biji, kering",DABM-1964,338.0,22.2,1.5,61,5.8,0
CR046,"Lamtoro biji, muda, segar",DABM-1964,85.0,5.7,0.3,15.4,10.8,0
CR047,"Lamtoro biji, tua, segar",DABM-1964,148.0,10.6,0.5,26.2,17,0
CR048,"Lamtoro var, gung tanpa kulit",KZGPI- 1990,367.0,46.4,5.4,32.5,2.6,1
CR049,"Lamtoro var, lokal dengan kulit",KZGPI- 1990,336.0,23.8,1.2,59.7,15.4,0
CR050,"Nangka, biji, segar",DABM-1964,165.0,4.2,0.1,36.7,1.8,0
CR051,"Saga merah terkupas, mentah",KZGPI- 1990,449.0,30.6,25.5,31.9,3.5,1
CR052,"Wijen, mentah",DABM-1964,568.0,19.3,51.1,18.1,3.6,1
CP001,"Kacang belimbing, rebus",KZGPI-1990,204.0,16.9,8.8,17.5,4.8,0
CP002,"Kacang bogor, goreng",KZGPI-1990,479.0,12.7,23.2,58.9,1.2,1
CP003,"Kacang bogor, rebus",KZGPI-1990,161.0,7.7,2.8,27.2,2,0
CP004,"Kacang gude, rebus",KZGPI-1990,147.0,9,0.5,27.5,3.4,0
CP005,"kacang hijau, rebus",KZGPI-1990,109.0,8.7,0.5,18.3,1.5,0
CP006,"Kacang kedelai, goreng",KZGPI-1990,521.0,32.2,37.7,22.9,7.6,1
CP007,"Kacang kedelai, rebus",KZGPI-1990,189.0,20.2,8.2,12.7,1.6,0
CP008,"Kacang merah kering, rebus",KZGPI- l990,158.0,10.3,0.9,28.2,2.6,0
CP009,"Kacang merah segar, rebus",KZGPI- l990,144.0,10,1,24.7,3.5,0
CP010,"Kacang mete/biji jambu monyet, goreng",KZGPI- 1990,629.0,20.4,56.3,19.8,1.1,1
CP011,Kacang tanah rebus dg kulit,DABM-1964,360.0,13.5,31.2,12.8,,1
CP012,"Kacang tanah, goreng",KZGPI- l990,564.0,25.5,44.4,25.5,2.8,1
CP013,"Kacang tanah, rebus",KZGPI- l990,220.0,10.6,28,8,1,1
CP014,"Kacang tolo, rebus",KZGPI- l990,138.0,10.7,1.1,22.6,0.9,0
CP015,Ampas kacang hijau,KZGPI- 1990,96.0,3.7,0.6,19.1,2.7,0
CP016,"Ampas tahu, mentah",KZGPI- 1990,67.0,5,2.1,8.1,4.1,0
CP017,Ampas tahu kukus,KZGPI- 1990,75.0,4.1,2.1,10.7,5.1,0
CP018,"Ampas tahu, kering",DABM-1964,414.0,26.6,18.3,41.3,0,1
CP019,Pepea oncom ampas tahu,KZGPI- 1990,76.0,5.2,1.8,10.6,2.2,0
CP020,Bungkil biji karet,DABM-1964,210.0,30,10,10,,1
CP021,Bungkil kacang tanah,DABM-1964,365.0,45,13,17,,1
CP022,Bungkil kelapa,DABM-1964,36.0,23,15,35,,0
CP023,Dodol banjarmasin,KZGMI-2001,368.0,2.6,8.6,70,0.5,0
CP024,Emping (kerupuk melinjo),DABM-1964,300.0,12,1.5,61,,0
CP025,Emping komak,KZGMI-2001,355.0,17.8,4.6,60.7,,0
CP026,Enting-enting gepuk hello kity,KZGPI- 1990,538.0,13.6,30.3,52.6,0.2,1
CP027,Enting-enting gepuk kacang tanah,KZGPI- 1990,524.0,13.3,29.2,52.2,0.2,1
CP028,Enting-enting wijen,KZGPI- 1990,565.0,18.2,38.4,36.8,1.9,1
CP029,Geplak,KZGMI-2001,350.0,1.4,14.4,53.6,1.8,0
CP030,Geplak jahe,KZGMI-2001,462.0,3.1,24.4,57.7,3.3,1
CP031,Kacang atom,KZGPI- 1990,533.0,27.8,38.1,28.8,2.5,1
CP032,Kacang goyang,KZGMI-2001,516.0,14.7,31.1,44.4,,1
CP033,Kacang negara,KZGMI-2001,480.0,18.4,19.1,58.5,11.7,1
CP034,Kacang sukro,KZGPI- 1990,484.0,8.8,26.1,57.7,1.8,1
CP035,Kacang tanah sari,KZGPI- 1990,561.0,25.5,43.8,26,2.2,1
CP036,Keju kacang tanah (peanut butter),DABM-1964,590.0,27,49,20.9,1.6,1
CP037,Kembang tahu,KZGPI- 1990,380.0,48.9,13.8,23.3,0,1
CP038,Kembang tahu rebus,KZGPI- 1990,90.0,10.7,4,4.7,,0
CP039,Keripik oncom,KZGPI- 1990,598.0,8.3,43.8,42.6,3.3,1
CP040,Keripik tempe,KZGPI- 1990,581.0,12.1,40.6,41.7,2.2,1
CP041,Keripik tempe abadi besar,KZGPI- 1990,556.0,15.8,37.1,39.8,3.5,1
CP042,Keripik tempe abadi murni,KZGPI- 1990,542.0,40.3,42.4,11.6,2.2,1
CP043,Keripik tempe abadi sedang,KZGPI- 1990,510.0,12.3,27.9,52.4,3.6,1
CP044,Keripik tempe abadi telur,KZGPI- 1990,529.0,20.8,31.7,40.2,3,1
CP045,Kerupik tempe abadi prima,KZGPI- 1990,540.0,16.7,33.9,42,2.2,1
CP046,Kwaci,DABM-1964,515.0,30.6,42.1,13.8,13.6,1
CP047,Melinjo emping tebal goreng manis,KZGPI- 1990,439.0,10,16.4,65.7,,1
CP048,"Melinjo emping tebal, goreng asin",KZGPI- 1990,431.0,11.1,16.2,63,,1
CP049,Melinjo emping tipis goreng,KZGPI- 1990,485.0,11.5,24.5,59.1,,1
CP050,Moon tahu,KZGMS-1993,128.0,8,10,1.3,0.2,0
CP051,Oncom,DABM-1964,187.0,13,6,22.6,,0
CP052,Oncom ampas kacang hijau,KZGPI- 1990,376.0,14.9,6,65.7,12.3,0
CP053,Oncom kacang hijau + singkong,KZGPI- 1990,351.0,11,5.3,65.9,9,0
CP054,Oncom kacang tanah pepes,KZGPI- 1990,132.0,12.7,3.8,13.7,3.1,0
CP055,Rempeyek kacang tanah,KZGPI- 1990,513.0,17.5,32.5,44.3,1.7,1
CP056,Rempeyek kacang tolo,KZGPI- 1990,451.0,11.2,20.2,59.7,1.8,1
CP057,Rempeyek kacang uci,KZGPI- 1990,497.0,17,27.6,50.8,2.4,1
CP058,Sayur lebui,KZGMI-2001,64.0,2.1,0.6,12.5,5.7,0
CP059,"Saridele, bubuk",DABM-1964,344.0,30,20,43,6.2,1
CP060,Susu kedelai,DABM-1964,41.0,3.5,2.5,5,0.2,0
CP061,"Tahu, mentah",KZGPI- 1990,80.0,10.9,4.7,0.8,0.1,0
CP062,Tahu goreng,KZGPI- 1990,115.0,9.7,8.5,2.5,0.1,0
CP063,Tahu telur,KZGMS-1993,328.0,12.6,19.9,24.6,0.4,1
CP064,Takwa,KZGPI- 1990,148.0,13.8,8.5,4,0,0
CP065,Tauco,KZGPI- 1990,184.0,11.4,5.5,22.2,1.9,0
CP066,"Tauco cap beruang, cake",KZGPI- 1990,347.0,7.4,5.2,67.6,3.2,0
CP067,"Tauco cap DAS, cake",KZGPI- 1990,358.0,7.5,4.3,70.4,3.1,0
CP068,Tauco cap meong,KZGPI- 1990,159.0,7.4,4.9,21.3,1.6,0
CP069,Tauji cap singa,KZGPI- 1990,277.0,9.1,4.7,49.6,1.2,0
CP070,Tempe bongkrek,DABM-1964,88.0,10,4,3,,0
CP071,Tempe gembus P3G,KZGPI- 1990,73.0,5.7,1.3,10.3,4.2,0
CP072,Tempe gembus yogya,KZGPI- 1990,76.0,6.8,0.7,10.6,5.3,0
CP074,Tempe kacang belimbing,KZGPI- 1990,212.0,17.5,10,12.9,2.9,0
CP075,Tempe kedelai + jagung,KZGPI- 1990,143.0,12,5.5,11.4,1.9,0
CP076,"Tempe kedelai murni, goreng",KZGPI- 1990,350.0,24.5,26.6,10.4,4.2,1
CP077,"Tempe kedelai murni, mentah",KZGPI- 1990,201.0,20.8,8.8,13.5,1.4,0
CP078,Tempe koro benguk,DABM-1964,141.0,10.2,1.3,23.2,,0
CP079,Tempe lamtoro,KZGPI- 1990,128.0,10.7,0.5,21.3,7.1,0
CP080,"Tempe lamtoro var, gung dengan kulit",KZGPI- 1990,19.6,7.6,1.3,128,41,0
CP081,"Tempe lamtoro var, gung tanpa kulit",KZGPI- 1990,13.0,1.3,1.1,95,154,0
CP082,Tempe pasar,KZGPI- 1990,9.1,1.4,0.9,517,202,2
CP083,Tempe pasar goreng,KZGPI- 1990,7.8,3.4,1.3,156,350,2
CP084,Tepung hunkwe (pati kacang ijo),DABM-1964,83.5,16.1,1,50,100,0
CP085,Tepung Jalejo,BKP,61.2,5.8,2.3,101,663,2
CP086,Tepung kacang kedelai,DABM-1964,29.9,5.8,4,195,544,2
DR001,"Akar tonjong, segar",KZGPI-1990,10.8,1.2,1,72,125,0
DR002,"Ale,toge, segar",KZGPI-1990,3.8,1.7,0.7,50,248,2
DR003,"Andaliman, segar",KZGPI-1990,18.0,8.5,2.2,383,107,2
DR004,"Andewi, segar",DABM-1964,5.3,4.1,1.1,33,66,0
DR005,"Bakung, segar",KZGMI-2001,4.2,3.8,1.1,19,20,0
DR006,"Baligo, segar",DABM-1964,3.0,0.4,0.3,19,19,0
DR007,"Bawang bombay, segar",DABM-1964,10.3,2,0.6,32,44,0
DR008,"Bayam, segar",KZGPI-1990,2.9,0.7,1.3,166,76,0
DR009,"Bayam merah, segar",KZGMI-2001,6.3,2.2,2.2,520,80,2
DR010,"Bit, segar",DABM-1964,9.6,2.6,1.1,27,43,0
DR011,Buah kelor,KZGMI-2001,7.5,3.2,1.3,30,54,0
DR012,Buah merah,KZGMI-2001,13.1,4,0.4,30,1,0
DR013,"Buncis, segar",KZGPI-1990,7.2,1.9,0.5,101,42,0
DR014,"Bunga pepaya, segar",KZGPI-1990,8.1,1.6,1.7,290,113,2
DR015,"Bunga turi, segar",BKP,6.1,3.3,0.4,28,23,0
DR016,"Caisin, segar",KZGPI-1990,3.4,1.2,0.9,123,40,0
DR017,"Daun bangun-bangun, segar",KZGPI-1990,4.0,1,1.6,279,40,0
DR018,"Daun bawang merah, segar",KZGMI-2001,7.8,2.1,0.8,60,40,0
DR019,"Daun bebuas, segar",KZGPI-1990,7.3,2.1,1.1,29,245,2
DR020,"Daun belem, segar",KZGPI-1990,7.8,1.9,1.8,698,151,2
DR021,"Daun bluntas, segar",DABM-1964,9.4,,2.3,256,49,0
DR022,"Daun gandaria, segar",DABM-1964,14.0,2.1,1.6,40,45,0
DR023,"Daun gedi besar, segar",KZGMI-2001,58.0,2.9,0.7,10,3.3,0
DR024,"Daun gedi kecil, segar",KZGMI-2001,61.0,3.2,0.7,10.4,3.4,0
DR025,"Daun gelang, segar",KZGPI-1990,30.0,1.3,0.7,5.8,1.3,0
DR026,"Daun gunda bali, segar",KZGPI-1990,50.0,4.6,0.9,7,1.4,0
DR027,"Daun gunda serang, segar",KZGPI-1990,62.0,4.2,0.9,9.2,1.3,0
DR028,"Daun jambu mete muda, segar",DABM-1964,78.0,4.6,0.5,16.2,3,0
DR029,"Daun jampang, segar",KZGPI-1990,34.0,3.8,0.5,5.3,1.4,0
DR030,"Daun jawaw seluang, segar",KZGMI-2001,93.0,5,1.3,15.3,3.9,0
DR031,"Daun jonghe, segar",KZGPI-1990,27.0,2.1,0.7,4.4,2,0
DR032,"Daun kacang ma, segar",KZGPI-1990,36.0,2.9,0.6,6.8,1.8,0
DR033,"Daun kacang panjang, segar",KZGPI-1990,30.0,3.1,0.3,5.8,1.7,0
DR034,"Daun kasbi/singkong karet, segar",KZGMI-2001,92.0,4,3.6,10.9,5.8,0
DR035,"Daun katuk, segar",KZGPI-1990,59.0,6.4,1,9.9,1.5,0
DR036,"Daun kecipir, segar",DABM-1964,52.0,5,0.5,8.5,,0
DR037,"Daun kedondong, segar",DABM-1964,59.0,3.5,0.3,13.4,10.7,0
DR038,"Daun kelor, segar",KZGMI-2001,92.0,5.1,1.6,14.3,8.2,0
DR039,"Daun kemang, segar",DABM-1964,43.0,5.5,0.3,7.5,8.4,0
DR040,"Daun kenikir, segar",BKP,45.0,3.7,0.5,6.6,5.8,0
DR041,"Daun kesum, segar",KZGPI-1990,48.0,4.5,0.8,9.1,1.6,0
DR042,"Daun kol sawi, segar",KZGPI-1990,22.0,2.1,0.5,3.6,0.9,0
DR043,"Daun koro, segar",DABM-1964,23.0,3,0.3,3.7,,0
DR044,"Daun kubis, segar",KZGMI-2001,51.0,2.5,1.1,8,3.4,0
DR045,"Daun kumak, segar",KZGPI-1990,14.0,1.3,0.3,2.3,0.9,0
DR046,"Daun labu siam, segar",DABM-1964,34.0,4,0.4,4.7,3.5,0
DR047,"Daun labu waluh/kuning, segar",DABM-1964,34.0,3.6,0.6,4.5,2.9,0
DR048,"Daun lamtoro, segar",KZGPI-1990,87.0,8.3,1.8,14.4,3.3,0
DR049,"Daun leilem, segar",KZGMI-2001,76.0,2.8,0.2,15.8,3.1,0
DR050,"Daun leunca, segar",DABM-1964,49.0,4.7,0.5,8.1,,0
DR051,"Daun lobak, segar",DKBM-1964,30.0,2.3,0.4,5.8,3.2,0
DR052,"Daun lompong talas, segar",DABM-1964,44.0,3,0.8,7.4,3.3,0
DR053,"Daun mangkokan, segar",DABM-1964,57.0,3.7,0.3,11.8,,0
DR054,"Daun matel ambon, segar",KZGPI-1990,71.0,6.8,1.6,11.5,4.6,0
DR055,"Daun melinjo, segar",DABM-1964,104.0,5,1.3,21.3,10.3,0
DR056,"Daun mengkudu, segar",KZGPI-1990,65.0,4,1.7,11.4,3.9,0
DR057,"Daun ndusuk, segar",KZGMI-2001,166.0,1.7,0.5,38.8,10.7,0
DR058,"Daun oyong, segar",DABM-1964,22.0,1,0.1,5.3,2,0
DR059,"Daun pakis, segar",KZGPI-1990,39.0,4.5,0.4,6.9,2,0
DR060,"Daun pakis longgiho, segar",KZGMI-2001,54.0,2.2,3.6,3.1,2.1,0
DR061,"Daun pakis wambateu, segar",KZGMI-2001,53.0,3.4,1.2,7.2,4.8,0
DR062,"Daun paku, segar",KZGMI-2001,29.0,3.4,0.1,6.5,4.3,0
DR063,"Daun pangi,segar",KZGMI-2001,104.0,3.9,0.6,17.9,8.3,0
DR064,"Daun pare, segar",KZGMI-2001,49.0,2.7,1,8.4,3,0
DR065,"Daun pepaya, segar",DABM-1964,87.0,8,2,11.9,1.5,0
DR066,"Daun pohpohan, segar",KZGPI-1990,37.0,2.5,0.8,6.9,2.6,0
DR067,"Daun selasih, segar",KZGMI-2001,62.0,4,0.5,10.5,5.3,0
DR068,"Daun semanggi, segar",KZGPI-1990,45.0,4.4,0.5,8.5,1.9,0
DR069,"Daun simpur, segar",KZGPI-1990,53.0,3.2,2.5,6.9,1.6,0
DR070,"Daun singkil, segar",KZGPI-1990,68.0,2,1,15.2,3.3,0
DR071,"Daun singkong, segar",KZGPI-1990,50.0,6.2,1.1,7.1,2.4,0
DR072,"Daun singkong ambon, segar",DABM-1964,144.0,12.7,1.2,25.2,10.2,0
DR073,"Daun singkong ampenan, segar",KZGMI-2001,50.0,6.2,1.1,71,2.4,0
DR074,"Daun singkong kopang, segar",KZGMI-2001,74.0,6.3,0.7,10.7,4.6,0
DR075,"Daun sintrong, segar",KZGPI-1990,36.0,2.6,0.9,6.1,1.7,0
DR076,"Daun talas, segar",KZGPI-1990,59.0,3,0.4,13.5,3,0
DR077,"Daun tespong, segar",DABM-1964,70.0,2.9,0.3,13.9,2.3,0
DR078,"Daun ubi kuning, segar",KZGMI-2001,62.0,3.7,0.3,11.1,6.4,0
DR079,"Daun ubi merah, segar",KZGPI-1990,48.0,3,0.3,10.8,1.4,0
DR080,"Daun ubi putih, segar",KZGMI-2001,46.0,2.8,0.2,8.2,4.8,0
DR081,"Daun ubi tinta, segar",KZGMI-2001,55.0,1.7,0.1,11.9,7.6,0
DR082,"Eceng, segar",DABM-1964,19.0,1,0.2,3.8,1.8,0
DR083,"Gambas (oyong), segar",DABM-1964,19.0,0.8,0.2,4.1,1.3,0
DR084,"Genjer, segar",DABM-1964,35.0,1.7,0.2,7.7,2.5,0
DR085,"Jagung muda / semi, segar",DABM-1964,35.0,2.2,0.1,7.4,1.9,0
DR086,Jamur encik,KZGMI-2001,296.0,9.4,1.1,62,,0
DR087,"Jamur kuping, kering",DABM-1964,294.0,16,0.9,64.6,46.5,0
DR088,"Jamur kuping, segar",DABM-1964,21.0,3.8,0.6,0.9,5.1,0
DR089,"Jamur merang, segar",BKP,30.0,3.5,0.2,4,2.4,0
DR090,"Jamur tiram, segar",BKP,30.0,1.9,0.1,5.5,3.6,0
DR091,Jamur sagu,KZGMI-2001,48.0,1.9,3.2,2.8,1,0
DR092,"Jantung pisang, segar",DABM-1964,32.0,1.2,0.3,7.1,3.2,0
DR093,"Jengkol, segar",KZGMI-2001,192.0,5.4,0.3,40.7,1.5,0
DR094,"Jotang, segar",DABM-1964,34.0,1.9,0.3,7.1,3.5,0
DR095,"Kabau, segar",KZGMI-2001,130.0,6.7,0.3,25.2,2.9,0
DR096,"Kacang mekah, polong, segar",KZGPI-1990,22.0,1.1,1,3.4,1.1,0
DR097,"Kacang panjang, segar",KZGMI-2001,31.0,2.3,0.1,5.3,2.7,0
DR098,Kacang ranti polong,KZGPI-1990,37.0,3.1,0.2,7.9,2.5,0
DR099,"Kalakai, segar",KZGMI-2001,38.0,2.4,0.2,6.6,5.8,0
DR100,"Kangkung, segar",KZGPI-1990,28.0,3.4,0.7,3.9,2,0
DR101,Kangkung tondano,KZGMI-2001,43.0,1.8,0.2,8.4,4.3,0
DR102,"Kapri muda, segar",DABM-1964,45.0,3.3,0.2,9,1.8,0
DR103,Karawila,KZGMI-2001,25.0,2.3,0.2,3.5,2.1,0
DR104,"Kecipir muda, segar",DABM-1964,32.0,2.9,0.2,5.8,5.5,0
DR105,"Kecombrang, segar",KZGPI-1990,34.0,0.9,1,6.7,2.6,0
DR106,"Kelawi,kluwih, segar",DABM-1964,118.0,1.5,0.3,27.2,5,0
DR107,"Kembang turi, segar",DABM-1964,51.0,1.8,0.6,9.6,5,0
DR108,"Kerokot, segar",DABM-1964,26.0,1.7,0.4,3.8,1,0
DR109,"Ketimun, segar",KZGPI-1990,8.0,0.2,0.2,1.4,0.3,0
DR110,"Ketimun krai, segar",KZGPI-1990,10.0,0.5,0.2,2,0.6,0
DR111,"Ketimun madura, segar",KZGPI-1990,9.0,0.5,0.1,1.9,0.7,0
DR112,"Komak, segar",KZGMI-2001,99.0,3.3,0.1,21.2,10.3,0
DR113,Kool kembang,DABM-1964,25.0,2.4,0.2,4.9,1.6,0
DR114,"Kool merah,kool putih",DABM-1964,29.0,1.4,0.2,5.3,1.9,0
DR115,"Koro kerupuk, polong",DABM-1964,128.0,8.3,0.7,22.1,,0
DR116,"Koro wedus, polong",DABM-1964,46.0,3,0.3,7.9,3.3,0
DR117,"Kucai, segar",DABM-1964,45.0,2.2,0.3,10.3,4.8,0
DR118,"Kucai muda (Lokio), segar",DABM-1964,42.0,3.8,0.6,7.8,4.9,0
DR119,Kulit melinjo,KZGPI-1990,111.0,4.5,1.1,20.7,5,0
DR120,"Kundur, segar",KZGMI-2001,22.0,0.4,0.2,4.7,1.3,0
DR121,"Labu air, segar",DABM-1964,19.0,0.6,0.2,3.8,0.6,0
DR122,"Labu kuning, segar",KZGMI-2001,51.0,1.7,0.5,10,2.7,0
DR123,"Labu siam, segar",DABM-1964,30.0,0.6,0.1,6.7,6.2,0
DR124,"Labu waluh, segar",DABM-1964,32.0,1.1,0.1,6.6,0.5,0
DR125,"Lantar, segar",KZGMI-2001,34.0,2.2,0.3,5.5,2.9,0
DR126,"Lobak, segar",DABM-1964,21.0,0.9,0.1,4.2,2,0
DR127,"Lumai/Leunca, segar",KZGMI-2001,38.0,1.1,0.3,7.6,2,0
DR128,"Melinjo, segar",DABM-1964,66.0,5,0.7,13.3,,0
DR129,Mostarda metan -sawi,KZGMI-2001,33.0,2.3,0.5,4.7,1.8,0
DR130,"Nangka muda, segar",DABM-1964,57.0,2,0.4,11.3,8.3,0
DR131,"Paria putih, segar",KZGPI-1990,19.0,1,0.4,3.6,1.3,0
DR132,"Pepare ular, segar",KZGMI-2001,19.0,0.6,0.1,3.9,1,0
DR133,"Pepaya muda, segar",DABM-1964,29.0,2.1,0.1,4.9,2.1,0
DR134,"Petai, segar",KZGMI-2001,92.0,5.4,1.1,15.2,2,0
DR135,"Peterseli, segar",DABM-1964,53.0,3.7,1,9,0,0
DR136,"Pucuk lumai/daun leunca, segar",KZGMI-2001,33.0,4.5,0.4,2.8,,0
DR137,"Putri malu, segar",KZGMI-2001,76.0,3.6,0.3,14.6,7.1,0
DR138,"Rebung, segar",KZGMI-2001,25.0,0.8,0.1,5.3,9.7,0
DR139,"Rimbang, segar",KZGMI-2001,75.0,1.6,0.6,15.8,10,0
DR140,Rumput laut,KZGMI-2001,41.0,1.4,0.3,8.1,2.2,0
DR141,"Sawi, segar",DABM-1964,28.0,2.3,0.3,4,2.5,0
DR142,"Sawi putih / pecai, segar",KZGPI-1990,9.0,1,0.1,1.7,0.8,0
DR143,"Sawi taiwan, segar",KZGMI-2001,30.0,1.9,0.5,4.4,2.7,0
DR144,"Sawi tanah, segar",KZGMI-2001,19.0,1.3,0.2,2.9,2.2,0
DR145,"Selada, segar",DABM-1964,18.0,1.2,0.2,2.9,1.8,0
DR146,"Selada air, segar",KZGPI-1990,17.0,3.1,0.2,2.2,0.7,0
DR147,"Seledri, segar",DABM-1964,23.0,1,0.1,4.6,2,0
DR148,"Taoge, segar",KZGPI-1990,34.0,3.7,1.2,4.3,1.1,0
DR149,"Taoge kacang kedelai, segar",DABM-1964,76.0,9,2.6,6.4,0.7,0
DR150,"Taoge kacang tunggak, segar",DABM-1964,40.0,5,0.2,5.8,2.6,0
DR151,"Tebu terubuk (lilin), segar",DABM-1964,30.0,4.6,0.4,3,0.8,0
DR152,"Tekokak, segar",DABM-1964,34.0,2,0.1,7.9,4.9,0
DR153,"Tekokak, kering",DABM-1964,302.0,8.3,1.7,72.6,21.2,0
DR154,"Terong, segar",DABM-1964,28.0,1.1,0.2,5.5,2.1,0
DR155,"Terong asam, segar",KZGMI-2001,37.0,2,0.4,6.3,3.2,0
DR156,"Terung belanda, segar",KZGPI-1990,52.0,2.1,1.1,8.6,1.4,0
DR157,"Terung bengkulu,segar",KZGPI-1990,52.0,1.1,0.4,11.2,3.2,0
DR158,"Terong hintalo, segar",KZGMI-2001,45.0,1.9,0.8,7.5,5.1,0
DR159,Terung panjang,KZGPI-1990,25.0,2.1,0.1,5.3,0.5,0
DR160,"Tomat, air (sari), segar",DABM-1964,20.0,1,0.2,3.5,0.4,0
DR161,"Tomat merah, segar",KZGPI-1990,24.0,1.3,0.5,4.7,1.5,0
DR162,"Tomat muda, segar",DABM-1964,24.0,2,0.7,3.3,1.8,0
DR163,"Uceng/ bunga melinjo, segar",KZGPI-1990,82.0,5.8,1.3,11.7,4.8,0
DR164,"Umbut kelapa, segar",KZGMI-2001,39.0,2,0.2,7.2,2.5,0
DR165,Umbut rotan,KZGMI-2001,34.0,2.4,0.3,5.5,2.2,0
DR166,"Wortel, segar",KZGPI-1990,36.0,1,0.6,7.9,1,0
DP001,"Bayam, kukus",KZGPI-1990,30.0,1.3,0.7,5.8,1.2,0
DP002,"Bayam ,rebus",KZGPI-1990,23.0,1.2,0.6,3.7,1.1,0
DP003,"Buncis, rebus",KZGPI-1990,30.0,2.2,0.2,6.4,1.5,0
DP004,"Daun kacang panjang, kukus",KZGPI-1990,40.0,3.7,0.3,8,1.8,0
DP005,"Daun katuk, rebus",KZGPI-1990,53.0,5.3,0.9,9.1,1.2,0
DP006,"Daun kelor, rebus",KZGPI-1990,61.0,6.1,0.9,10,0.9,0
DP007,"Daun mengkudu, kukus",KZGPI-1990,63.0,3.8,1.5,11.5,2.4,0
DP008,"Daun singkong, rebus",KZGPI-1990,31.0,3.7,0.6,4.8,1.6,0
DP009,"Daun talas, rebus",KZGPI-1990,27.0,1.3,0.2,5.9,1.6,0
DP010,"Daun ubi merah, kukus",KZGPI-1990,56.0,3.1,0.3,13,1.5,0
DP011,"Kacang panjang,kukus",KZGPI-1990,39.0,3,0.6,7.6,1.7,0
DP012,"Kacang panjang, rebus",KZGPI-1990,30.0,2.3,0.4,5.8,1.4,0
DP013,"Kangkung, kukus",KZGPI-1990,30.0,3.2,0.7,4.7,1.8,0
DP014,"Kangkung, rebus",KZGPI-1990,22.0,2.5,0.6,3.1,1.2,0
DP015,"Paria putih, kukus",KZGPI-1990,16.0,0.8,0.2,3.4,1.2,0
DP016,"Selada, rebus",KZGPI-1990,19.0,2.7,0.2,2.9,0.7,0
DP017,"Taoge, goreng",KZGPI-1990,88.0,3.2,2.1,14,0.7,0
DP018,"Taoge, seduh",KZGPI-1990,28.0,3,0.8,4,1,0
DP019,"Terung panjang, kukus",KZGPI-1990,23.0,1.8,0.1,4.9,0.4,0
DP020,"Wortel, rebus",KZGPI-1990,28.0,0.7,0.5,6.3,0.8,0
DP021,"Wortel, kukus",KZGPI-1990,37.0,1,0.6,8.3,1.1,0
DP022,"Asinan Bogor, sayuran",KZGMS-1993,98.0,3.9,2.6,14.8,0.5,0
DP023,"Anyang, sayur",KZGMI-2001,126.0,3.4,7.9,10.3,5.4,0
DP024,"Ares, sayur",KZGMI-2001,113.0,0.9,7.2,11.2,4.7,0
DP025,Arwan sirsir,KZGMI-2001,277.0,2.4,25,10.7,4.6,1
DP026,Beberuk,KZGMI-2001,65.0,1.1,5.2,3.5,3.1,0
DP027,Botok lamtoro,KZGPI-1990,186.0,11.7,9.7,13,2.1,0
DP028,Buntil daun talas,KZGPI-1990,141.0,4.4,10.2,8,1.8,0
DP029,Cammetutu,KZGMI-2001,102.0,3.2,6,8.7,4.3,0
DP030,"Cap cai, sayur",KZGMS-1993,97.0,5.8,6.3,4.2,0.6,0
DP031,Gado-gado,KZGPI-1990,137.0,6.1,3.2,21,1.1,0
DP032,"Gudeg, sayur",KZGPI-1990,160.0,3.3,9.2,16,2.3,0
DP033,Gulai pakis,KZGPI-1990,143.0,4,11.4,6,1.4,0
DP034,Gulai pliek,KZGMI-2001,176.0,7.3,14.9,3.2,,0
DP035,Kadada katembe,KZGMI-2001,110.0,4.5,6.9,7.1,3.9,0
DP036,"Kaparende, sayur",KZGMI-2001,38.0,2.4,2,2.6,1.5,0
DP037,"Karedok, sayur",KZGPI-1990,92.0,2.2,3.3,14.1,1.4,0
DP038,Keripik bayam,KZGPI-1990,586.0,4.9,40.6,50.2,0.5,1
DP039,Kotiu hinela tawang nggole,KZGMI-2001,46.0,2.2,1.5,6,3.8,0
DP040,Lema/ Rebung asam,KZGMI-2001,15.0,1,0.4,1.9,,0
DP041,Lilin bungkus gedi,KZGMI-2001,79.0,2.3,5.2,5.8,2.5,0
DP042,Olah-olah,KZGMI-2001,9.0,2.1,6,7.1,4.4,0
DP043,Paku hinela wulelenggapaya,KZGMI-2001,77.0,3.5,4.6,5.4,3.6,0
DP044,Pelecing kangkung,KZGMI-2001,75.0,2.5,2.8,10,5.4,0
DP045,Purundawa,KZGMI-2001,25.0,1.5,0.5,3.6,1.7,0
DP046,Rujak cingur,KZGPI-1990,153.0,11.3,8.4,8,1.4,0
DP047,Sayur asem,KZGPI-1990,29.0,0.7,0.6,5,0.6,0
DP048,Sayur bunga pepaya,KZGMI-2001,49.0,1.7,0.3,9.8,2.7,0
DP049,Sayur garu,KZGMI-2001,178.0,2.6,13.9,10.6,8.4,0
DP050,Sayur kohu-kohu,KZGMI-2001,133.0,7.3,6.6,11.2,1.2,0
DP051,Sayur lilin-terubuk,KZGMI-2001,36.0,2.7,0.7,4.8,1.4,0
DP052,Sayur ndusuk,KZGMI-2001,49.0,3.1,2.5,3.6,,0
DP053,Sayur sop,KZGPI-1990,27.0,1.3,2,1,0.3,0
DP054,Sayur umbut kelapa,KZGMI-2001,67.0,5.2,2.9,5.1,1.4,0
DP055,Sayur umbut rotan,KZGMI-2001,57.0,5.4,2.6,3.1,1.6,0
DP056,Shabu-shabu,KZGMS-1993,88.0,3.2,8,0.8,0.9,0
DP057,Semur jengkol,KZGMS-1993,212.0,6,10,29.1,,0
DP058,Tinira ninahu nggaluku,,33.0,1.2,1.3,4.1,3.1,0
DP059,Tumis bayam bersantan,KZGPI-1990,48.0,1.4,4.2,2.6,0.5,0
DP060,Waluh balamak,KZGMI-2001,45.0,0.8,0.9,8.1,7.9,0
DP061,Woku ubi,KZGMI-2001,143.0,3.1,7.8,15,7,0
ER001,"Alpukat, segar",DABM-1964,85.0,0.9,6.5,7.7,,0
ER002,"Anggur hutan, segar",KZGPI- 1990,30.0,0.5,0.2,6.8,1.2,0
ER003,"Apel malang, segar",KZGPI- 1990,57.0,0.5,0.4,12.8,0.8,0
ER004,"Apel, segar",DABM-1964,58.0,0.3,0.4,14.9,2.6,0
ER005,"Arbai, segar",DABM-1964,37.0,0.8,0.5,8.3,,0
ER006,"Belimbing, segar",DABM-1964,36.0,0.4,0.4,8.8,3.2,0
ER007,"Biwah, segar",KZGPI- 1990,51.0,0.3,0.1,12.1,0.7,0
ER008,"Buah atung, segar",DABM-1964,23.0,0.8,0.2,5.2,,0
ER009,"Buah kelenting, segar",KZGMI-2001,110.0,1.4,2.1,21.4,,0
ER010,"Buah kom, segar",KZGPI- 1990,264.0,4,1.1,59.6,9,0
ER011,"Buah mentega (Bisbul), segar",DABM-1964,39.0,0.7,0.2,9.7,2,0
ER012,"Buah Naga Merah, segar",BKP,71.0,1.7,3.1,9.1,3.2,0
ER013,"Buah Naga Putih, segar",BKP,56.0,0.8,1,10.9,3.2,0
ER014,"Buah negri, segar",KZGMI-2001,55.0,1.2,0.1,12.2,5.2,0
ER015,"Buah nona, segar",DABM-1964,101.0,1.7,0.6,25.2,2.8,0
ER016,"Buah rotan, segar",KZGMI-2001,78.0,0.6,0.3,18.2,,0
ER017,"Buah rukam, segar",KZGMI-2001,113.0,0.8,0.3,26.8,7.7,0
ER018,"Buah ruruhi, segar",KZGMI-2001,29.0,2.1,0.7,3.6,2.6,0
ER019,"Buah tuppa, segar",KZGMI-2001,67.0,0.4,0.2,15.9,,0
ER020,"Carica papaya, segar",KZGPI- 1990,24.0,1.9,0.2,3.7,1,0
ER021,"Cempedak, segar",DABM-1964,116.0,3,0.4,28.6,3.4,0
ER022,"Duku, segar",DABM-1964,63.0,1,0.2,16.1,4.3,0
ER023,"Durian, segar",DABM-1964,149.0,2.5,3,21.5,3.5,0
ER024,"Duwet, segar",KZGPI- 1990,80.0,0.5,0.6,18.2,0.9,0
ER025,"Embacang, segar",DABM-1964,98.0,1.4,0.2,25.4,1.9,0
ER026,"Encung asam, segar",KZGPI- 1990,122.0,3.5,4.5,17.5,9.3,0
ER027,"Erbis, segar",DABM-1964,70.0,0.6,0,18.9,7.7,0
ER028,Gandaria masak,DABM-1964,68.0,0.7,0.1,18,2.2,0
ER029,"Gatep, segar",KZGPI- 1990,191.0,4.5,1.5,39.7,13.4,0
ER030,"Jambu air, segar",DABM-1964,46.0,0.6,0.2,11.8,2.1,0
ER031,Jambu biji,DABM-1964,64.0,0.9,0.3,12.2,2.4,0
ER032,Jambu bj putih tdk brbj,KZGPI- 1990,61.0,0.9,0.3,15.4,4.5,0
ER033,"Jambu bol, segar",KZGMI-2001,49.0,2.3,0.2,9.6,3.5,0
ER034,"Jambu monyet, segar",DABM-1964,49.0,0.7,0.6,15.8,1.2,0
ER035,"Jeruk bali, segar",DABM-1964,48.0,0.6,0.2,12.4,0.8,0
ER036,"Jeruk banjar, segar",KZGMI-2001,61.0,0.8,0.2,14.1,5.4,0
ER037,Jeruk garut-keprok,DABM-1964,44.0,0.8,0.3,10.9,1.6,0
ER038,"Jeruk Kalamansi, segar",BKP,39.0,0.3,0.3,8.9,2.3,0
ER039,"Jeruk manis, segar",DABM-1964,45.0,0.9,0.2,11.2,1.4,0
ER040,"Jeruk nipis, segar",KZGPI- 1990,44.0,0.5,0.2,10,0.4,0
ER041,"Jeruk ragi, segar",KZGPI- 1990,49.0,0.7,0.2,11.1,0.5,0
ER042,"Kawista, segar",KZGPI- 1990,120.0,3.5,2.5,20.8,4.6,0
ER043,"Kedondong masak, segar",DABM-1964,46.0,1,0.1,10.3,2.6,0
ER044,"Kedondong, segar",KZGMI-2001,47.0,0.5,0.2,10.4,2.7,0
ER045,"Kelapa hutan, kering",KZGMI-2001,623.0,2,52.1,36.5,15.3,1
ER046,"Kelapa muda, daging, segar",DABM-1964,68.0,1,0.9,14,0,0
ER047,"Kemang, segar",DABM-1964,48.0,1,0.2,11.9,1.7,0
ER048,"Kesemek, segar",DABM-1964,78.0,0.8,0.4,20,0.6,0
ER049,"Kokosan, segar",DABM-1964,86.0,1.6,0.2,13,1.4,0
ER050,"Kranji, segar",KZGPI- 1990,315.0,2.1,1.4,73.5,3.6,0
ER051,"Langsat, segar",DABM-1964,56.0,0.9,0.2,14.3,1.4,0
ER052,"Lemon, segar",KZGMI-2001,34.0,0.5,0.8,6.2,0.1,0
ER053,"Lontar, segar",KZGPI- 1990,27.0,0.4,0.2,6,1.6,0
ER054,"Mangga, segar",KZGMI-2001,52.0,0.7,0,12.3,1.6,0
ER055,"Mangga benggala, segar",KZGMI-2001,63.0,2.4,0.4,12.4,5.8,0
ER056,"Mangga gedung, segar",DABM-1964,44.0,0.7,0.2,11.2,1.6,0
ER057,"Mangga golek, segar",DABM-1964,63.0,0.5,0.2,16.7,2.3,0
ER058,"Mangga harumanis, segar",DABM-1964,46.0,0.4,0.2,11.9,1.7,0
ER059,"Mangga indramayu, segar",DABM-1964,72.0,0.8,0.2,18.7,2.5,0
ER060,"Mangga kopek, segar",DABM-1964,56.0,0.4,0.2,14.6,2,0
ER061,"Mangga kwini, segar",KZGMI-2001,86.0,0.7,0.5,19.8,6.5,0
ER062,"Mangga manalagi, segar",KZGMI-2001,133.0,1,0.1,32.1,11.8,0
ER063,"Mangga muda, segar",DABM-1964,59.0,0.5,0.4,15.1,,0
ER064,"Manggis, segar",DABM-1964,63.0,0.6,0.6,15.6,1.5,0
ER065,"Markisa, segar",KZGPI- 1990,144.0,3.5,1.2,29.8,11.4,0
ER066,"Matoa, segar",KZGMI-2001,90.0,1.2,0.1,21.1,0.5,0
ER067,"Melon, segar",BKP,37.0,0.6,0.4,7.8,1,0
ER068,"Menteng, segar",DABM-1964,65.0,1.7,0.3,16.1,,0
ER069,"Nanas palembang, segar",KZGMI-2001,58.0,0.7,0.2,13.3,1.6,0
ER070,"Nanas, segar",KZGPI- 1990,40.0,0.6,0.3,9.9,0.6,0
ER071,"Nangka masak pohon, segar",DABM-1964,106.0,1.2,0.3,27.6,3.7,0
ER072,"Pala, daging, segar",DABM-1964,42.0,0.3,0.2,10.9,0.5,0
ER073,"Pepaya, segar",DABM-1964,46.0,0.5,0.1,12.2,1.6,0
ER074,"Pisang ambon, segar",KZGMI-2001,108.0,1,0.8,24.3,1.9,0
ER075,"Pisang angleng (pisang ampyang), segar",DABM-1964,68.0,1.3,0.2,17.2,0.8,0
ER076,"Pisang ayam, segar",KZGMI-2001,120.0,1.1,0.2,26.8,4.1,0
ER077,"Pisang gapi, segar",KZGMI-2001,131.0,1.6,0.1,31.1,11.7,0
ER078,"Pisang goroho, segar",KZGMI-2001,119.0,1.5,0.2,27.9,4.6,0
ER079,"Pisang hijau, segar",KZGPI- 1990,121.0,1,0.1,28.9,0.4,0
ER080,"Pisang kayu, segar",KZGMI-2001,100.0,1.4,0.5,23.6,2.6,0
ER081,"Pisang kepok, segar",KZGMI-2001,109.0,0.8,0.5,26.3,5.7,0
ER082,"Pisang ketip, segar",KZGMI-2001,145.0,1.1,0.3,34.5,6.6,0
ER083,"Pisang kidang, segar",KZGPI- 1990,96.0,1,0.2,22.5,0.6,0
ER084,"Pisang lampung, segar",DABM-1964,99.0,1.3,0.2,25.6,4.3,0
ER085,"Pisang mas bali ampenan, segar",KZGMI-2001,92.0,1.4,0.2,21,3.7,0
ER086,"Pisang mas bali kopang, segar",KZGMI-2001,127.0,1.4,0.2,31.8,3.7,0
ER087,"Pisang mas, segar",DABM-1964,127.0,1.4,0.2,33.6,1.4,0
ER088,"Pisang raja sereh, segar",KZGPI- 1990,108.0,1.3,0.3,28.2,0.7,0
ER089,"Pisang raja, segar",DABM-1964,120.0,1.2,0.2,31.8,5.3,0
ER090,"Pisang rotan, segar",KZGPI- 1990,98.0,1.3,1.2,20.5,1,0
ER091,"Pisang talas, segar",KZGMI-2001,113.0,1.2,0.2,26.7,4.4,0
ER092,Pisang tujuh bulan,KZGMI-2001,94.0,0.6,0.2,22.5,3.7,0
ER093,"Pisang ua, segar",KZGMI-2001,128.0,0.8,0.5,30.2,8.1,0
ER094,"Pisang uli, segar",KZGPI- 1990,134.0,1.1,0.5,35.5,1.4,0
ER095,"Purut, segar",KZGPI- 1990,76.0,4.1,1.1,15.2,1.7,0
ER096,"Rambutan binjai, segar",KZGMI-2001,76.0,0.5,0.2,18,3.8,0
ER097,"Rambutan, segar",DABM-1964,69.0,0.9,0.1,18.1,0.8,0
ER098,"Salak bali, segar",KZGPI- 1990,57.0,0.5,0.1,13.6,1.3,0
ER099,"Salak medan, segar",KZGMI-2001,55.0,0.4,0.2,12.8,3.2,0
ER100,"Salak pondoh, segar",KZGPI- 1990,87.0,0.8,0.4,20.1,0,0
ER101,"Salak, segar",DABM-1964,77.0,0.4,,20.9,,0
ER102,"Sawo duren, segar",KZGPI- 1990,64.0,1,3.1,8,0.8,0
ER103,"Sawo kecik, segar",KZGPI- 1990,111.0,0.9,2.3,21.6,1,0
ER104,"Sawo Manila, segar",DABM-1964,92.0,0.5,1.1,22.4,9.5,0
ER105,"Semangka, segar",DABM-1964,28.0,0.5,0.2,6.9,0.4,0
ER106,"Sirsak, segar",DABM-1964,65.0,1,0.3,16.3,3.2,0
ER107,"Sowa, segar",KZGMI-2001,48.0,1.6,0.6,9.1,4.5,0
ER108,"Srikaya, segar",KZGPI- 1990,63.0,1.1,0.5,13.9,2.1,0
ER109,"Sukun muda, segar",KZGPI- 1990,119.0,1.4,0.2,28.1,1.4,0
ER110,"Sukun tua, segar",KZGPI- 1990,126.0,1.6,0.2,24.5,1.5,0
ER111,"Vigus, segar",KZGMI-2001,44.0,2.4,0.1,8.3,,0
ER112,"Wani, segar",KZGPI- 1990,74.0,0.8,0.3,17.1,3.1,0
EP001,Barongko,KZGMI-2001,159.0,3.1,5.8,23.5,,0
EP002,Dodol nanas,KZGMI-2001,338.0,1.5,1.2,80.3,,0
EP003,Getuk pisang,KZGPI- 1990,144.0,1.1,0.4,34.1,0.4,0
EP004,Keripik lampung,KZGPI- 1990,485.0,1.7,22.2,69.7,0.6,1
EP005,Ledre pisang,KZGPI- 1990,405.0,4.8,5.1,84.9,0.4,0
EP006,Lempog durian,KZGPI- 1990,320.0,3.5,5.7,63.7,4.9,0
EP007,Loka anjoro,KZGMI-2001,163.0,1.1,4.3,30,,0
EP008,Rica-rica taipa,KZGMI-2001,49.0,1.6,0.3,10,,0
EP009,Rujak aceh,KZGMI-2001,82.0,0.4,0.3,19.7,2.4,0
EP010,Sale kesemek,KZGMI-2001,296.0,1.1,0.6,71.2,,0
EP011,Sale pisang siam,KZGPI- 1990,281.0,2.4,0.7,66.1,1,0
EP012,"Sale pisang, cilacap",KZGPI- 1990,295.0,2.3,2.1,66.9,1.3,0
EP013,Sanggara belanda,KZGMI-2001,242.0,6.4,7.1,38.2,,0
EP014,Tepung Pisang,BKP,338.0,2.9,0.4,80.6,5.3,0
EP015,Tepung Sukun,BKP,353.0,2.9,0.5,84.4,3.7,0
FR004,"Angsa, daging, segar",DABM-1964,349.0,16.4,31.5,0,0,1
FR005,"Ayam, daging, segar",DABM-1964,298.0,18.2,25,0,0,1
FR007,"Ayam, hati, segar",KZGMS-1993,261.0,27.4,16.1,1.6,0,1
FR012,"Bebek (itik), daging, segar",DABM-1964,321.0,16,28.6,0,0,1
FR013,"Bebek alabio, daging, segar",KZGMI-2001,303.0,11.3,27,3.7,0,1
FR014,"Belibis, daging, segar",KZGMI-2001,131.0,20.2,4.3,2.8,0,0
FR015,"Burung, sarang, segar",DABM-1964,281.0,37.5,0.3,32.1,,1
FR016,"Domba, daging, gemuk, segar",DABM-1964,317.0,15.7,27.7,0,0,1
FR017,"Domba, daging, kurus, segar",DABM-1964,202.0,17.1,14.8,0,0,0
FR018,"Domba, ginjal, segar",DABM-1964,100.0,16.6,3.3,1,0,0
FR019,"Kambing, daging, segar",DABM-1964,149.0,16.6,9.2,0,0,0
FR020,"Kelinci, daging, segar",FCTEA-1972,142.0,16.9,7.8,0,0,0
FR021,"Kerbau, daging, segar",DABM-1964,79.0,18.7,0.5,0,0,0
FR022,"Kuda, daging, segar",DABM-1964,113.0,18.1,4.1,0.9,0,0
FR023,"Sapi, babat, segar",DABM-1964,108.0,17.6,4.2,0,0,0
FR024,"Sapi, daging, gemuk, segar",DABM-1964,273.0,17.5,22,0,0,1
FR025,"Sapi, daging, kurus, segar",DABM-1964,174.0,19.6,10,0,0,0
FR026,"Sapi, daging, lemak sedang, segar",DABM-1964,201.0,18.8,14,0,0,0
FR027,"Sapi, daleman, segar",KZGMI-2001,183.0,12,14.4,1.4,0,0
FR029,"Sapi, ginjal, segar",DABM-1964,137.0,15,8.1,0.9,0,0
FR030,"Sapi, keleponan, segar",KZGMI-2001,84.0,10.5,4.6,0.2,0,0
FR031,"Sapi, liver, segar",DABM-1964,132.0,19.7,3.2,6,0,0
FR032,"Sapi, otak, segar",DABM-1964,123.0,10.4,8.6,0.8,0,0
FR033,"Sapi, usus, segar",DABM-1964,126.0,14,7.2,1.5,0,0
FR034,Ulat sagu segar,KZGMI-2001,241.0,5.8,21.6,5.8,2.8,1
FP001,"Ayam, ampela, goreng",KZGMS-1993,270.0,32.3,11.2,9.9,0,1
FP002,"Ayam, usus, goreng",KZGPI-1990,473.0,45.2,26.3,13.9,0,1
FP003,"Bebek, daging, goreng",KZGMI-2001,300.0,24,20.7,4.5,0,1
FP004,"Buaya, daging, dendeng, mentah",KZGMI-2001,365.0,49.6,4.8,30.8,,1
FP005,Ham,DABM-1964,384.0,16.9,35,0.3,0,1
FP006,"Itik alabio, daging, dendeng, mentah",KZGMI-2001,496.0,30.3,33.5,18.4,,1
FP007,Kerupuk urat,KZGMI-2001,588.0,53.7,40.9,1.2,,1
FP008,"Menjangan, daging, dendeng, mentah",KZGMI-2001,322.0,55.8,2,22.7,,1
FP009,"Punai, daging, goreng",KZGMI-2001,224.0,26.2,11.3,4.4,,1
FP010,"Rusa, daging, dendeng, mentah",KZGMI-2001,536.0,40.5,41.5,0,,1
FP011,"Sapi, abon",KZGPI-1990,212.0,18,10.6,59.3,7.5,0
FP012,"Sapi, abon, asli",KZGPI-1990,358.0,14.6,16.1,38.6,2.5,1
FP013,"Sapi, daging, asap",DABM-1964,182.0,32,6,0,0,0
FP014,"Sapi, daging, dendeng, mentah",DABM-1964,301.0,55,9,0,,1
FP015,"Sapi, daging, kornet",DABM-1964,289.0,16,25,0,0,1
FP016,"Sapi, daging, sosis (Worst)",DABM-1964,448.0,14.5,42.3,2.3,,1
FP017,"Sapi, hati, sosis (liverworst)",DABM-1964,274.0,16,22,3,2.3,1
FP018,"Sapi, paru, dendeng, mentah",KZGMI-2001,360.0,57.3,6,19.2,,1
FP019,"Sapi, paru, goreng",KZGMS-1993,268.0,23.9,12.7,14.5,,1
FP020,"Ulat sagu, panggang",KZGMI-2001,380.0,11.9,30.3,14.9,4.8,1
FP021,"Ayam goreng church texas, dada",KZGPI- 1990,338.0,35.2,20.6,0.4,0,1
FP022,"Ayam goreng church,texas paha",KZGPI- 1990,287.0,31,15.7,1.7,0,1
FP023,"Ayam goreng church texas, sayap",KZGPI- 1990,295.0,34,16,1.5,0,1
FP024,"Ayam goreng kalasan, paha",KZGPI- 1990,275.0,37.4,12.2,1.3,0,1
FP025,"Ayam goreng kentucky, dada",KZGPI- 1990,298.0,34.2,16.8,0.1,0,1
FP026,"Ayam goreng Kentucky, paha",KZGPI- 1990,286.0,32.1,16.1,1.1,0,1
FP027,"Ayam goreng Kentucky,sayap",KZGPI- 1990,297.0,35.9,15.2,1.6,0,1
FP028,Ayam goreng mbok berek dada,KZGPI- 1990,295.0,39.2,13.6,1,0,1
FP029,"Ayam goreng pasundan, dada",KZGPI-1990,246.0,37.9,9,0.7,0,1
FP030,"Ayam goreng pasundan, paha",KZGPI-1990,245.0,33.1,11.4,0.3,0,1
FP031,"Ayam goreng pioneer, dada",KZGPI-1990,295.0,37.4,14.7,0.6,0,1
FP032,"Ayam goreng sukabumi, dada",KZGPI-1990,244.0,36.7,9.2,1,0,1
FP033,"Ayam goreng sukabumi, paha",KZGPI-1990,283.0,35.7,14.3,0.5,0,1
FP034,"Ayam taliwang, masakan",KZGMI-2001,264.0,18.2,20.1,2.7,,1
FP036,Beef burger,KZGMS-1993,258.0,10.6,9.5,32.5,0.4,0
FP037,"Beef teriyaki, masakan",KZGMS-1993,151.0,8.6,3.1,22.3,0.3,0
FP038,"Beef yakiniku, masakan",KZGMS-1993,132.0,9.8,1.1,20.7,0.3,0
FP039,Brongkos,KZGPI-1990,141.0,15.3,3.3,12.6,1,0
FP040,"Bulgogi, masakan",KZGMS-1993,72.0,11.4,4.9,1.4,1.7,0
FP041,"Chicken teriyaki, masakan",KZGMS-1993,168.0,13,9.6,7.5,0.8,0
FP042,"Chikiniku, masakan",KZGMS-1993,143.0,9.8,1.4,22.8,0.4,0
FP043,"Coto mangkasara, kuda, masakan",,96.0,6.8,5.9,3.8,,0
FP044,"Coto mangkasara, sapi, masakan",KZGMI-2001,84.0,6,6,1.4,,0
FP045,"Djibokum, masakan",KZGMS-1993,248.0,10,2.3,40.9,0.1,0
FP046,"Empal (daging) Goreng, masakan",KZGMS-1993,248.0,36.2,6.9,10.1,,1
FP047,Gulai kambing,KZGMI-2001,126.0,4.2,9.4,6.2,,0
FP048,"Jangang bintatoeng,masakan",KZGMI-2001,107.0,5.3,2.2,16.5,,0
FP049,"Kalio ayam, masakan",KZGMS-1993,203.0,16,13.5,4.4,,0
FP050,"Kalio jeroan, masakan",KZGMS-1993,163.0,16.5,9,4.1,,0
FP051,"Kalio kikil (tunjang), masakan",KZGMS-1993,122.0,13.8,5.7,3.9,,0
FP052,"Kalio otak, masakan",KZGMS-1993,157.0,8.1,8.8,11.4,,0
FP054,"Lawar penyu, masakan",KZGPI-1990,141.0,23,1.5,7.6,0,0
FP055,"Lawara jangang, masakan",KZGMI-2001,159.0,5,10.9,10.1,,0
FP056,"Naan maran sapi, masakan",KZGMI-2001,478.0,38.3,33.9,5.1,,1
FP057,"Nasu likku, masakan",KZGMI-2001,196.0,14.5,8.3,15.9,,0
FP058,"Oramu ninahu ndawa olaho, masakan",KZGMI-2001,117.0,13.7,5,4.3,,0
FP059,"Paniki masak santan, masakan",KZGMI-2001,460.0,28.5,35.2,7.2,,1
FP060,"Pelolah manuk, masakan",KZGMI-2001,219.0,19.7,13.6,4.4,,1
FP061,"Rawon, masakan",KZGPI-1990,60.0,5.4,2.5,4,,0
FP062,"Rendang sapi, masakan",KZGPI-1990,193.0,22.6,7.9,7.8,0,0
FP063,"RW, anjing, masakan",KZGMI-2001,198.0,24.6,10.7,0.9,,0
FP064,"Sate, penyu, masakan",KZGPI-1990,179.0,22.5,3.5,13.3,0,0
FP065,"Sate pusut, masakan",KZGMI-2001,274.0,12.9,18.6,13.6,,1
FP066,"Penyu, serapah, masakan",KZGPI-1990,174.0,13.1,12.2,2.2,0,0
FP067,"Sie reuboh, masakan",KZGMI-2001,474.0,11.2,42.5,11.7,,1
FP068,"Sop buntut, masakan",KZGMS-1993,71.0,7.5,3.6,2.2,,0
FP069,"Sop daging sapi, masakan",KZGMS-1993,49.0,5.8,0.5,5.3,,0
FP070,"Sop kaki sapi, masakan",KZGMS-1993,68.0,9,1.9,3.7,,0
FP071,"Sop kambing, masakan",KZGMS-1993,34.0,5.5,0.8,1.1,,0
FP072,"Sop konro, masakan",KZGMI-2001,71.0,7.4,2.6,4.5,,0
FP073,"Sop saudara, masakan",KZGMI-2001,89.0,7.2,5,3.9,,0
FP074,"Soto bandung, masakan",KZGPI-1990,42.0,3.9,1.7,2.8,0.4,0
FP075,"Soto banjar, masakan",KZGMI-2001,110.0,2.9,9.5,3.2,,0
FP076,"Soto betawi, masakan",KZGPI-1990,135.0,2.5,8.8,11.5,0.5,0
FP077,"Soto jeroan, masakan",KZGMS-,92.0,11.8,4.3,1.4,,0
FP078,"Soto kudus, masakan",KZGPI-1990,38.0,2.6,2.3,1.8,0.2,0
FP079,"Soto madura, masakan",KZGPI-1990,60.0,3.5,4.5,1.3,0,0
FP080,"Soto padang, masakan",KZGPI-1990,127.0,5.9,6.6,11,0.7,0
FP081,"Soto pekalongan, masakan",KZGPI-1990,94.0,3,6.8,5.1,0.3,0
FP082,"Soto pemalang, masakan",KZGPI-1990,75.0,3.6,5.2,3.5,0,0
FP083,"Soto sukaraja, masakan",KZGPI-1990,80.0,3.2,3.5,9,0.3,0
FP084,"Soto sulung, masakan",KZGPI-1990,86.0,2.3,8.5,0,0,0
FP085,"Sukiyaki, masakan",KZGMS-1993,75.0,5.6,0.4,12.2,0.2,0
FP086,"Tedong pallu basa, masakan",KZGMI-2001,83.0,10.4,3.4,2.8,,0
FP087,"Tikus rica, masakan",KZGMI-2001,257.0,18.8,18.5,3.8,,1
FP088,"Tinoransa, masakan",KZGMI-2001,516.0,17.7,49.5,0,,1
GR023,"Ikan daun, segar",KZGMI-2001,101.0,11.5,4.1,4.6,0,0
GR024,"Ikan ekor kuning, segar",KZGMI-2001,108.0,22.3,1.2,2.1,0,0
GR025,"Ikan gabus, segar",KZGMI-2001,80.0,16.2,0.5,2.6,0,0
GR026,"Ikan heu, segar",KZGMI-2001,81.0,10,1.6,6.6,,0
GR027,"Ikan hitam, segar",KZGMI-2001,101.0,10.3,3.7,6.7,0,0
GR028,"Ikan hiu, segar",KZGPI- 1990,57.0,10.7,0.3,2.2,0,0
GR029,"Ikan kacangan, segar",KZGPI- 1990,77.0,15.6,0.9,1.6,0,0
GR030,"Ikan kakap, segar",DABM- 1964,92.0,20,0.7,0,0,0
GR031,"Ikan kakatua, segar",KZGMI-2001,82.0,11.4,1.2,6.4,,0
GR032,"Ikan kalaban, segar",KZGMI-2001,77.0,16.4,0.7,1.3,0,0
GR033,"Ikan kamera (kakap merah), segar",KZGMI-2001,86.0,19.7,0.8,0,0,0
GR034,"Ikan kapar, segar",KZGMI-2001,132.0,17,6.7,0.8,0,0
GR035,"Ikan kawalinya, segar",KZGMI-2001,110.0,12.6,4.2,5.4,,0
GR036,"Ikan keru-keru, segar",KZGPI- 1990,93.0,16.5,2.1,0.8,0,0
GR037,"Ikan kima, segar",KZGMI-2001,70.0,10.8,0.7,5.2,,0
GR038,"Ikan lais, segar",KZGPI- 1990,161.0,11.9,11.5,2.4,0,0
GR039,"Ikan layang, segar",DABM- 1964,109.0,22,1.7,0,0,0
GR040,"Ikan layur, segar",KZGPI- 1990,82.0,18,1,0.4,0,0
GR041,"Ikan lehoma, segar",KZGMI-2001,90.0,20.4,0.9,0,,0
GR042,"Ikan lemuru, segar",DABM- 1964,112.0,20,3,0,0,0
GR043,"Ikan lidah, segar",KZGPI- 1990,104.0,15.6,3.2,2,0,0
GR044,"Ikan malalugis, segar",KZGMI-2001,99.0,20.6,1.4,0.9,,0
GR045,"Ikan mamar merah, segar",KZGMI-2001,115.0,15.3,4,4.4,0,0
GR046,"Ikan mas, segar",DABM- 1964,86.0,16,2,0,0,0
GR047,"Ikan mayong, segar",KZGPI- 1990,97.0,17.9,2,0.4,0,0
GR048,"Ikan mujahir, segar",KZGPI- 1990,89.0,18.7,1,0,0,0
GR049,"Ikan nasu metti, segar",KZGMI-2001,154.0,16.8,5,10.5,,0
GR050,"Ikan oci, kembung, segar",KZGMI-2001,125.0,21.3,3.4,2.2,,0
GR051,"Ikan paling, segar",DABM- 1964,303.0,14,27,0,0,1
GR052,"Ikan papuyu/ betok, segar",KZGMI-2001,120.0,14.3,4.9,4.6,0,0
GR053,"Ikan patin, segar",KZGMI-2001,132.0,17,6.6,1.1,0,0
GR054,"Ikan pomo, segar",KZGMI-2001,147.0,22.5,5.2,2.6,,0
GR055,"Ikan puntin, segar",KZGMI-2001,76.0,14.4,1.1,2.2,,0
GR056,"Ikan saluang, segar",KZGMI-2001,113.0,13.9,4.9,3.4,0,0
GR057,"Ikan sarden, segar",KZGMI-2001,109.0,19.9,1.8,3.4,0,0
GR058,"Ikan selar, segar",DABM- 1964,100.0,18.8,2.2,0,0,0
GR059,"Ikan sepat, segar",KZGMI-2001,84.0,15.2,0.6,4.7,0,0
GR060,"Ikan sidat, segar",KZGPI- 1990,81.0,11.4,1.9,3.8,0,0
GR061,"Ikan sunu, segar",KZGMI-2001,111.0,13.3,3.4,6.7,,0
GR062,"Ikan tahuman, segar",KZGMI-2001,88.0,15.9,0.9,4.1,0,0
GR063,"Ikan tarmon, segar",KZGMI-2001,96.0,19.5,1.1,2,0,0
GR064,"Ikan telan, segar",KZGMI-2001,95.0,15.8,0.7,6.5,0,0
GR065,"Ikan tembang, segar",DABM- 1964,204.0,16,15,0,0,0
GR066,"Ikan tempahas, segar",KZGMI-2001,101.0,15.1,4.1,1,0,0
GR067,"Ikan terbang, segar",KZGMI-2001,98.0,19.6,1.7,1,0,0
GR068,"Ikan teri, segar",KZGPI- 1990,74.0,10.3,1.4,4.1,0,0
GR069,"Ikan titang, segar",KZGMI-2001,82.0,17.4,0.4,2.3,0,0
GR070,"Ikan tongkol, segar",KZGMI-2001,100.0,13.7,1.5,8,0,0
GR071,"Ikan turi, segar",KZGMI-2001,96.0,19.2,2,0.2,,0
GR072,"Keong, segar",DABM- 1964,64.0,12,1,2,0,0
GR073,"Kepiting, segar",DABM- 1964,151.0,13.8,3.8,14.1,0,0
GR074,"Kerang, segar",KZGPI- 1990,101.0,14.4,2.6,3.9,0,0
GR075,"Kodok, segar",DABM- 1964,73.0,16.4,0.3,0,0,0
GR076,"Kura-kura, segar",DABM- 1964,83.0,19.1,0.2,0,0,0
GR077,"Kuro, segar",KZGPI- 1990,87.0,16,2.2,1,0,0
GR078,"Lokan, segar",KZGMI-2001,217.0,11,1.7,5.1,,0
GR079,"Rajungan, segar",KZGMI-2001,76.0,12.1,2,2.4,0,0
GR080,"Rebon, udang kecil, segar",DABM- 1964,81.0,16.2,1.2,0.7,0,0
GR081,Rusip,KZGPI- 1990,110.0,11.5,2,11.7,0,0
GR082,"Udang galah, segar",KZGMI-2001,81.0,16.5,0.3,3,0,0
GR083,"Udang, besar, segar",KZGMI-2001,56.0,11.4,0.6,1.2,0,0
GR084,"Udang, segar",DABM- 1964,91.0,21,0.2,0.1,0,0
GP001,"Bekicot, dendeng, mentah",KZGPI- 1990,441.0,48.7,20.3,15.8,0,1
GP002,"Belut, goreng",KZGPI- 1990,417.0,25.9,19.4,32,0,1
GP003,"Cumi-cumi, goreng",KZGPI- 1990,265.0,40.6,10.1,0,0,1
GP004,"Ikan asin, kering",DABM- 1964,193.0,42,1.5,0,0,1
GP005,"Ikan bandeng presto, masakan",KZGPI- 1990,296.0,17.1,20.3,11.3,0,1
GP006,Ikan baung bakar,KZGMI-2001,144.0,17.8,5.8,5.2,,0
GP007,Ikan Belida bakar,KZGMI-2001,128.0,18,3,7.2,0,0
GP008,"Ikan cakalang asap, mentah",KZGMI-2001,204.0,34.2,5.6,1.9,,1
GP009,"Ikan cakalang asin, mentah",KZGPI- 1990,198.0,36.5,2.2,5.5,0,0
GP010,"Ikan calo/ peda, mentah",KZGPI- 1990,81.0,11.4,1.9,3.8,0,0
GP011,"Ikan Gabus asap, mentah",KZGMI-2001,261.0,38.1,2.3,21.9,0,1
GP012,"Ikan Gabus, kering",DABM- 1964,268.0,58,4,0,0,1
GP013,"Ikan gete, goreng",KZGMI-2001,267.0,23.1,19.4,0.2,,1
GP014,"Ikan hiu, kering",KZGMI-2001,298.0,46.3,3.6,20.2,,1
GP015,"Ikan katombo, asin",KZGPI- 1990,162.0,31.7,2.8,0.3,0,0
GP016,"Ikan kayu, kering",KZGMI-2001,302.0,70.7,1.9,0.4,0,1
GP017,Ikan Lais bakar,KZGMI-2001,147.0,17.5,6.5,5.4,,0
GP018,"Ikan lomak asin, mentah",KZGMI-2001,258.0,40.3,2.3,18.9,0,1
GP019,Ikan Mas pepes,KZGPI- 1990,209.0,15.2,11.3,11.8,0.5,0
GP020,Ikan mujahir goreng,KZGPI- 1990,416.0,46.9,23.9,0,0,1
GP021,Ikan Mujahir pepes,KZGPI- 1990,121.0,21.7,2.8,0.8,0,0
GP022,"Ikan mujahir, dendeng, mentah",,582.0,68.3,15.2,37.2,0,1
GP023,"Ikan Papuyu, bakar",KZGMI-2001,152.0,17.6,6.1,6.7,0,0
GP024,"Ikan Patin, bakar",KZGMI-2001,144.0,17.5,6.3,4.3,,0
GP025,"Ikan peda banjar, mentah",DABM- 1964,156.0,28,4,2,0,0
GP026,"Ikan pepetek, mentah",DABM-60/64,176.0,"32,0","4,4","2,0","0,0",0
GP027,"Ikan Pindang banjar, mentah",DABM-60/64,157.0,28,4.2,1.8,0,0
GP028,"Ikan Pindang benggol, mentah",DABM-60/64,170.0,31,4.2,0,0,0
GP029,"Ikan Pindang layang, mentah",DABM-60/64,153.0,30,2.8,0,0,0
GP030,"Ikan Pindang selar, mentah",DABM-60/64,142.0,27,3,0,0,0
GP031,"Ikan sale, mentah",BKP,534.0,40.2,39.3,4.9,2,1
GP032,"Ikan sale lais, mentah",KZGPI- 1990,415.0,61.3,17.6,2.9,0,1
GP033,"Ikan saluang, kering, mentah",KZGMI-2001,284.0,34.1,9.9,14.6,0,1
GP034,"Ikan sanggang, masakan",KZGMI-2001,240.0,21.7,7.7,20.7,,0
GP035,"Ikan selar kuning, cue, mentah",DABM- 1964,138.0,27,3.3,0,0,0
GP036,"Ikan selar, kering, mentah",DABM-60/64,194.0,38,3.5,0,0,1
GP037,"Ikan sepat, kering, mentah",DABM-60/64,289.0,38,14,0,0,1
GP038,"Ikan sunu, asin, mentah",,199.0,34.1,3.8,7.1,,0
GP039,"Ikan, tepung, mentah",KZGPI- 1990,316.0,60,6.5,22.4,0,1
GP040,"Ikan Teri nasi, kering, mentah",DABM-60/64,144.0,32.5,0.6,0,0,0
GP041,"Ikan Teri, bubuk, mentah",DABM-60/64,277.0,60,2.3,1.8,0,1
GP042,"Ikan teri, kering, mentah",DABM-60/64,170.0,33.4,3,0.8,0,0
GP043,"Ikan Teri, kering, tawar, mentah",DABM-60/64,331.0,68.7,4.2,0,0,1
GP044,"Ikan Teri, tepung, mentah",KZGPI- 1990,347.0,48.8,6.4,19.6,0,1
GP045,"Kerang, asap, mentah",KZGMI-2001,393.0,38.9,13.3,29.4,,1
GP046,"Kerang, dendeng, mentah",KZGPI- 1990,357.0,41.1,10,25.6,0,1
GP047,"Rebon, kering, mentah",DABM-60/64,299.0,59.4,3.6,3.2,0,1
GP048,"Rebung laut, mentah",KZGMI-2001,320.0,7.2,4.2,63.3,,0
GP049,Sardines dalam kaleng,DABM-60/64,338.0,21.1,27,1,0,1
GP050,"Teripang, dendeng, mentah",,462.0,39.1,32.4,3.5,0,1
GP051,"Udang kering, mentah",KZGMI-2001,278.0,62.6,4.1,2.2,,1
GP052,"Udang papay, mentah",KZGMI-2001,273.0,47.8,3.8,12.5,,1
GP053,Abon haruwan,KZGMI-2001,513.0,23.7,37,21.3,,1
GP054,Abon ikan,KZGMI-2001,435.0,27.2,20.2,36.1,,1
GP055,"Betok wadi, masakan",KZGMI-2001,145.0,16.3,7,4.1,,0
GP056,"Bou ninahu ndamate, masakan",KZGMI-2001,79.0,16.3,1,1.1,,0
GP057,"Bouiki ninahu nggaluku, masakan",KZGMI-2001,94.0,7.8,2.2,10.8,,0
GP058,Cakalang asar (asap),KZGMI-2001,155.0,20.1,3.8,10.2,,0
GP059,"Dendeng belut, goreng, masakan",KZGPI- 1990,382.0,55.7,14.1,8,0,1
GP060,"Dendeng mujahir, goreng, masakan",KZGPI- 1990,598.0,74.3,26.9,9.2,0,1
GP061,Fillet o-fish,KZGMS-1993,270.0,12.3,15.9,19.3,0.2,1
GP062,"Gete kuah asam, masakan",KZGMI-2001,75.0,8.2,2,6,,0
GP063,"Gulai asam keueung, masakan",KZGMI-2001,52.0,10,0.5,1.8,,0
GP065,"Gulai ikan, masakan",KZGMS-1993,106.0,16.5,3.3,2.5,,0
GP064,"Gulai ikan paya, masakan",KZGMI-2001,148.0,10,9.8,5,,0
GP066,"Gulai keumamah, masakan",KGZMI-2001,110.0,5.9,8.2,3.2,,0
GP067,"Gulai tiram, masakan",KZGMI-2001,132.0,9,7.2,7.8,,0
GP068,"Gurame asem manis, masakan",KZGPI- 1990,192.0,12.7,10.1,12.7,0,0
GP069,"Ikan asar merah, masakan",KZGMI-2001,146.0,17.7,5.9,5.6,,0
GP070,"Jambal goreng, masakan",KZGMS-1993,286.0,48.5,9.2,2.3,,1
GP071,"Jukku pallu kaloa, masakan",KZGMI-2001,15.0,15.2,4.3,8.8,,0
GP072,"Kaholeo, masakan",KZGMI-2001,413.0,28.7,19.8,29.8,,1
GP073,Lawara penjah,KZGMI-2001,207.0,7.4,15.4,9.6,,0
GP074,"Model, masakan",KZGMI-2001,79.0,2.2,4,8.6,,0
GP075,"Mujahir acar kuning, masakan",KZGPI- 1990,330.0,17.8,23.4,12.1,1.1,1
GP076,"Parede baleh, masakan",KZGMI-2001,87.0,10.5,2.5,5.5,,0
GP077,"Pempek adaan, masakan",KZGMI-2001,162.0,4.9,3,27.8,,0
GP078,"Pempek belida, masakan",,156.0,4.2,1.4,31.6,0.2,0
GP079,"Pempek kapal selam, masakan",KZGMI-2001,152.0,4.5,2.3,28.2,,0
GP080,"Pempek kelesan, masakan",KZGPI- 1990,211.0,12.3,6.1,26.6,0.4,0
GP081,"Pempek kulit, masakan",KZGMI-2001,243.0,5.2,7.3,39.1,,0
GP082,"Pempek telur, masakan",KZGMI-2001,156.0,4.7,2.7,28.3,,0
GP083,"Pempek tenggiri, masakan",KZGPI- 1990,173.0,7.2,1.2,33.4,0.2,0
GP084,"Pencok lele, masakan",KZGPI- 1990,372.0,7.8,36.3,3.5,0,1
GP085,Pinda,KZGMI-2001,107.0,15.9,0.6,0.4,,0
GP086,"Pindang kenari, masakan",KZGMI-2001,124.0,9.5,9.6,0,,0
GP087,"Saboko gurita, masakan",KZGMI-2001,87.0,15.7,1.5,2.6,,0
GP088,"Saboko saltan, masakan",KZGMI-2001,113.0,17.1,3.6,3,,0
GP089,"Saboko sardin, masakan",KZGMI-2001,110.0,12.9,4.3,4.9,,0
GP090,Sate Bandeng,BKP,283.0,12.1,16.8,20.9,2,1
GP091,"Sepi, masakan",KZGMI-2001,88.0,7.9,1.6,10.6,,0
GP092,"Tekwan, masakan",KZGMI-2001,53.0,1.9,0.9,9.4,,0
GP093,"Teri belado, masakan",KZGPI- 1990,365.0,23.7,22.3,17.5,0,1
GP094,"Tumis bandeng, masakan",KZGMI-2001,189.0,11.3,15.7,0.6,,0
GP095,Tumis keumamah,KGZMI-2001,300.0,14.5,20,15.5,4.5,1
HR001,"Telur ayam kampung, segar",KZGMI-2001,174.0,10.8,14,1.2,0,0
HR002,"Telur ayam ras, segar",KZGPI-1990,154.0,12.4,10.8,0.7,0,0
HR003,"Telur ayam ras, bagian kuning, segar",DABM-1964,355.0,16.3,31.9,0.7,0,1
HR004,"Telur Ayam ras,bagian putih, segar",DABM-1964,50.0,10.8,0,0.8,0,0
HR005,"Telur bebek alabio, segar",KZGMI-2001,187.0,11.8,14.2,3,0,0
HR006,"Telur bebek, bagian kuning, segar",DABM-1964,386.0,17,35,0.8,0,1
HR007,"Telur bebek, bagian putih, segar",DABM-1964,54.0,11,0,0.8,0,0
HR008,"Telur bebek tambak, segar",KZGMI-2001,187.0,10.9,12.4,7.9,0,0
HR009,"Telur burung maleo, segar",KZGMI-2001,436.0,26.5,36.3,0.4,,1
HR010,"Telur penyu, segar",KZGMI-2001,136.0,8.6,10.1,2.7,0,0
HR011,"Telur burung puyuh, segar",FCTEA-1972,116.0,10.7,7,1.6,0,0
HP001,"Telur ayam, dadar, masakan",KZGPI-1990,251.0,16.3,19.4,1.4,0,1
HP002,"Telur bebek, asin, mentah",DABM-60/64,179.0,13.6,13.3,4.4,0,0
HP003,"Telur bebek, dadar, masakan",KZGPI-1990,301.0,20,23.7,0,0,1
HP004,"Ikan, telur, asin, mentah",KZGMI-2001,358.0,20.7,26.4,9.4,0,1
HP005,"Bayau mi balu, masakan",KGZMI-2001,313.0,6,12.2,44.8,,0
HP006,"Cucuru bayau, masakan",KGZMI-2001,349.0,6.8,18.7,38.3,,1
HP007,"Kalio telur, masakan",KZGMS-1993,193.0,10.6,12.4,9.7,,0
