NO,KODE,NAMA BAHAN,SUMBER,AIR,ENERGI,PROTEIN,LEMAK,KH,SERAT,ABU,KALSIUM,FOSFOR,BESI,NATRIUM,KALIUM,TEMBAGA,SENG,RETINOL,B-KAR,KAR-TOTAL,THIAMIN,RIBOFLAVIN,NIASIN,VIT_C,
,,,,(g),(Kal),(g),(g),(g),(g),(g),(mg),(mg),(mg),(mg),(mg),(mg),(mg),(mcg),(mcg),(mcg),(mg),(mg),(mg),(mg),
1,AR001,"Beras giling, mentah",KZGMI-2001,12,357,8.4,1.7,77.1,0.2,0.8,147,81,1.8,27,71,0.1,0.5,0,0,0,0.2,0.08,2.6,0,100
2,AR002,"Beras giling var pelita, mentah",KZGPI- 1990,11.4,369,9.5,1.4,77.1,0.4,0.6,68,171,1.4,34,0,0,0,0,0,0,0.26,0,0,0,100
3,AR003,"Beras giling var rojolele, mentah",KZGPI- 1990,12,357,8.4,1.7,77.1,0.2,0.8,147,81,1.8,34,112.9,0.14,0.1,,0,80,0.2,0.02,1.5,0,100
5,AR004,"Beras jagung kuning, kering, mentah",KZGMI-2001,10.8,358,5.5,0.1,82.7,10,0.9,20,90,1.4,1,80,0.1,4.1,,641,,0.12,0.08,1,3,100
6,AR005,"Beras jagung putih, kering, mentah",KZGMI-2001,22.5,307,4.8,0.1,71.8,10,0.8,17,78,1.2,1,70,0.1,3.5,,301,,0.15,0.07,0.9,0,100
7,AR006,"Beras ketan hitam tumbuk, mentah",KZGPI- 1990,13.7,360,8,2.3,74.5,1,1.5,10,347,6.2,11,288,0.28,2.2,0,0,0,0.24,0.1,2,0,100
8,AR007,"Beras ketan putih tumbuk, mentah",KZGPI- 1990,12.9,361,7.4,0.8,78.4,0.4,0.5,13,157,3.4,3,282,0.28,2.2,0,0,0,0.28,0,1.4,0,100
15,AR008,"Jagung muda, kuning, mentah",KZGPI- 1990,61.8,147,5.1,0.7,31.5,1.3,0.9,6,122,1.1,5,33.6,0.13,0.9,0,113,261,0.24,0.1,0.8,9,100
16,AR009,"Jagung kuning pipil, kering, mentah",KZGPI- 1990,11.5,366,9.8,7.3,69.1,2.2,2.4,30,538,2.3,5,79.4,0.1,4.1,,636,641,0.12,0.12,1.8,3,100
17,AR010,"Jagung pipil var, harapan, kering",KZGPI- 1990,11.3,367,6.2,5.1,76.2,2.6,1.2,7,354,2.8,1,79.6,0.1,4.1,,637,385,0.19,0.08,1,0,100
18,AR011,"Jagung pipil var, metro, kering",KZGPI- 1990,10.6,368,5.5,4.6,78,2.9,1.3,7,300,2.4,1,80.2,0.1,4.1,,642,554,0.16,0.08,1,0,100
22,AR012,Nasi,KZGPI- 1990,56.7,180,3,0.3,39.8,0.2,0.2,25,27,0.4,1,38,0.1,0.6,0,0,,0.05,0.1,2.6,0,100
23,AR013,Nasi tim,OKN-1992,71,120,2.4,0.4,26,0.5,0.2,3,7,0.4,0,23.9,0.1,0.4,,0,,0.1,0,1.4,0,100
26,AR014,"Beras merah, Nasi",KZGPI- 1990,64,149,2.8,0.4,32.5,0.3,0.3,6,63,0.8,5,91.4,0.2,0.9,0,0,0,0.06,0,1.6,0,100
27,AR015,"Bihun, mentah",DABM-1964,12.9,348,4.7,0.1,82.1,1.2,0.2,6,35,1.8,12,5,0.08,0.7,0,0,0,0,0,0.2,0,100
28,AR016,Bihun goreng instan,KZGMS-1993,9,381,6.1,3.9,80.3,,0.7,266,151,2.9,928,,,,58,,400,0.37,,,0,100
29,AR017,"Bihun Jagung, mentah",BKP,11.3,354,0.5,0.3,87.4,3,0.5,13,111,0.6,49,1.4,0.4,0,,0,0,0.02,0.02,0.3,0,100
30,AR018,"Jagung nasi, mentah",BKP,11,357,8.8,0.5,79.5,6.2,0.3,5,43,0.6,2,30.4,0.1,0.3,,0,0,0.3,0.02,0.1,0,100
31,AR019,"Jagung muda, rebus",KZGPI- 1990,53.2,142,5,0.7,30.3,0.8,0.8,5,105,0.8,5,24.3,0.2,0.9,,145,225,0.15,0,0.7,0,100
32,AR020,"Jagung kuning, tepung",DABM-1964,12,355,9.2,3.9,73.7,7.2,1.2,10,256,2.4,11,24.4,0.23,1.7,,0,510,0.38,0.02,0.3,,100
33,AR021,"Jagung kuning pipil, rebus",KZGPI- 1990,63.7,154,3.8,3.5,28.4,0.7,0.6,7,171,0.5,5,56.4,0.1,4.4,,818,234,0.08,0.1,1.7,0,100
34,AR022,"Jagung, tepung putih",DABM-1964,12,355,9.2,3.9,73.7,7.2,1.2,10,256,2.4,11,24.4,0.23,1.7,,0,0,0.38,0.02,0.3,,100
35,AR023,"Ketan, ketupat",KZGPI- 1990,52,212,4,4.6,38.6,0.2,0.9,8,46,1,,,,,0,0,0,0.07,,0.2,0,100
36,AR024,"Ketan hitam, matang",KZGPI- 1990,56.9,181,4,1.2,37.3,0.3,0.6,9,144,1.7,9,18.4,0.1,0.7,0,0,0,0.06,0,0.5,0,100
37,AR025,"Ketan hitam, tapai",KZGPI- 1990,50.2,166,3.8,1,34.4,0.3,0.6,8,106,1.6,5,12,,,,,0,0.02,,,0,100
38,AR026,"Ketan putih, matang",KZGPI- 1990,60.7,163,3,0.4,35.7,0.2,0.2,4,55,0.7,8,16.8,0.1,0.7,0,0,0,0.07,0,0.5,0,100
39,AR027,"Ketan putih, tapai",KZGPI- 1990,58.9,172,3,0.5,37.5,0.6,0.1,6,35,0.5,1,,,,0,0,0,0.04,0,0.2,0,100
41,AR028,"Makaroni, mentah",DABM-1964,11.7,353,8.7,0.4,78.7,4.9,2.5,20,80,0.3,5,0,0.28,1.4,,,0,0.1,0.13,2.2,0,100
42,AR029,Mi basah,DABM-1964,80,88,0.6,3.3,14,0.1,2.1,14,13,6.8,63,13.5,0.06,0.4,,0,,0,0,0,0,100
43,AR030,Mi kering,KZGPI- 1990,10.6,339,10,1.7,6.3,0.4,1.4,31,143,3.9,760,83,0.29,1.9,,,0,0,0.08,2.2,0,100
44,AR031,Misoa,KZGPI- 1990,10,345,8.5,2.2,78,0.5,1.3,52,120,8.7,3064,44,0.08,0,0,0,0,0,0.02,0.2,0,100
45,AR032,Roti putih,DABM-1964,40,248,8,1.2,50,9.1,0.8,10,95,1.5,530,91,0.15,0.9,0,0,0,0.1,0.29,2.4,0,100
49,AP028,"Apem, kue",KZGMI-2001,63.1,148,2,0.5,33.9,,0.5,,,,,,,,,,,,,,,100
50,AP029,Biskuit,DABM-1964,2.2,458,6.9,14.4,75.1,2.1,1.4,62,87,2.7,241,20.3,0.16,0.6,0,14,,0.09,0.15,1.4,0,100
51,AP030,"Bakpia, kue",KZGPI- 1990,38.9,272,8.7,6.7,44.1,0.9,1.6,194,117,4.5,,,,,,,1392,0.31,1,2.9,0,100
52,AP031,Bakwan,KZGPI- 1990,40.5,280,8.2,10.2,39,3.4,2.1,204,79,7,,,,,0,,0,0.08,,,0,100
53,AP032,Bantal,KZGMI-2001,52.3,190,3.3,0.3,43.5,3.4,0.6,9,0,0.4,164,84,0.2,0.9,,,,0.27,0.02,3.6,,100
54,AP033,Baruasa,KZGMI-2001,5.3,417,6.5,8.2,79.3,,0.7,,,,,,,,,,,,,,,100
55,AP034,Batar daan,KZGMI-2001,75.3,107,2.2,2.2,19.6,,0.7,20,30,0.6,200,90,0.1,,,,,0.18,0.02,,,100
56,AP035,Bika ambon,KZGPI- 1990,51.5,199,2.1,1.5,44.4,0.3,0.6,45,28,1.8,,90,,,0,,408,0.1,,0,0,100
57,AP036,Bingka,KZGMI-2001,44.4,273,5.3,10.6,39.1,,0.6,,,,,,,,,,,,,,,100
58,AP037,Bobengka,KZGMI-2001,46.3,225,5.3,2.6,45.2,,0.6,,,,,,,,,,,,,,,100
59,AP038,Bolu peca,KZGMI-2001,55.6,197,3.3,4.6,35.6,,0.9,,0,0,0,0,,,,,,,0,0,0,100
60,AP039,Brem,KZGPI-1990,37.4,249,3.4,0.4,58,0,0.9,198,86,2,,,,,0,,240,0.34,0,0,0,100
61,AP040,Bubur tinotuan(Manado),KZGMI-2001,80.9,156,2.3,0.2,15.6,8.2,1,41,20,0.4,486,164,0.3,0.4,,1437,,0.1,0.04,,15,100
62,AP041,Cake tape,KZGMI-2001,32.2,323,4.9,11.5,50.1,1.4,1.4,131,83,2.6,,,,,26,,1872,0.38,0.16,0.3,0,100
63,AP042,Cangkuning,KZGMI-2001,57.5,204,2.8,7.5,31.4,,0.8,,,,,,,,,,,,,,,100
64,AP043,Dodol bali,KZGPI- 1990,26.5,298,3.7,2.1,65.9,0.4,1.8,70,76,2.5,,,,,0,0,496,0.28,,2.5,0,100
65,AP044,Dodol galamai,KZGMI-2001,16.5,348,0.4,3.8,76.1,0.5,1.2,41,144,2.6,38,76,0.3,2.1,0,0,0,0.03,0.06,1.8,0,100
66,AP045,Dodol kedondong,KZGPI- 1990,26.4,331,1.9,7.6,63.8,1,0.4,90,55,2.3,,,,,0,,408,0.11,,0.8,5,100
67,AP046,Dodol manado,KZGMI-2001,26.1,373,4.3,16.5,51.9,0.4,1.2,41,142,2.4,35,72,0.3,2.1,0,0,0,0.04,0.06,2.1,0,100
68,AP047,Emping beras,KZGMI-2001,13.6,403,10.6,2.2,71.7,0.2,1.9,11,240,0.3,1,113,0.3,2.4,,,0,0,0.16,,0,100
69,AP048,Gemblong,KZGPI- 1990,36.2,274,1.7,5.4,55.5,2.2,1.2,69,55,3.3,,,,,0,0,0,0,,,0,100
70,AP049,Gendar goreng,KZGPI- 1990,30.4,407,6.4,28.2,32,0.1,3,216,62,1.6,,,,,0,,184,0.16,0,0.6,0,100
71,AP050,Intip goreng,KZGPI- 1990,6.5,474,7.6,21.6,62.3,1.2,2,323,64,2.5,0,38,0.05,0.5,,0,200,0.25,0.03,0.8,0,100
72,AP051,Jagung gerontol,KZGPI- 1990,61.7,156,2.7,1.3,33.3,1,0.8,51,105,1.2,,,,,0,,162,0.08,0,0,0,100
73,AP052,Jagung titi,KZGPI- 1990,9.2,374,9.4,2.2,79.1,0.8,0.1,14,142,2.9,,,9,,,,11507,0.2,,,,100
74,AP053,Japilus,KZGPI- 1990,3.8,500,1.2,25.1,67.3,0.4,2.7,186,29,4.9,,,,,0,,0,0.17,0.03,0.4,0,100
75,AP054,Kakicak,KZGMI-2001,43.9,296,3.4,15.1,36.7,,0.9,,,,,,,,,,,,,,,100
76,AP055,Kambose,KZGMI-2001,61.5,164,3,2.4,32.6,4.3,0.7,16,36,0.7,0,32,0.1,1.6,0,256,,0.1,0.1,0.4,,100
77,AP056,Kapusa,KZGMI-2001,63.5,158,4.4,3.2,27.8,5.3,1,79,115,1.2,104,149,0.5,1.1,0,1374,,0.06,0.05,0.1,0,100
78,AP057,Keddo bodong,KZGMI-2001,33.9,290,4.6,5.7,55.2,,0.6,,,,,,,,,,,,,,,100
79,AP058,"Kelepon, kue",KZGMI-2001,49.6,215,3.7,3.7,41.8,1,1.2,232,45,3.3,,,,,0,,872,0.09,0.07,0.2,0,100
80,AP059,Kereput,KZGMI-2001,3.5,580,4.8,39.6,51.1,,1,,,,,,,,,,,,,,,100
81,AP060,Ketoprak,KZGPI-1990,69.1,153,7.9,7.7,13,2.9,2.6,153,134,3.4,,,,,3,,435,0.05,,,0,100
82,AP061,Ketupat kandangan,KZGMI-2001,78.5,109,2.2,5.2,13.4,,0.7,,,,,,,,,,,,,,,100
83,AP062,Koya,KZGMI-2001,13.2,366,4.2,4.3,77.5,0.8,0.8,153,222,7,,,,,0,,,,,,0,100
84,AP063,Koya mirasa,KZGMI-2001,7.2,370,8,1,82.2,0.4,1.6,83,110,17,,,,,3,,144,0.19,0.45,2.6,0,100
85,AP064,Koyabu,KZGMI-2001,44.2,241,3.4,4.3,47.2,,0.9,,,,,,,,,,,,,,,100
86,AP065,Kue ali,KZGMI-2001,12.8,440,3.8,18.5,64.5,0.3,0.4,27,47,2.5,,,,,0,,0,0.13,0.09,0,0,100
87,AP066,Kue bangen,KZGMI-2001,5.6,442,3.3,14.7,74.2,,2.2,,,,,,,,,,,,,,,100
88,AP067,Kue gelang,KZGMI-2001,7.1,448,5.8,16.1,70,,1,,,,,,,,,,,,,,,100
89,AP068,Kue jahe,KZGPI- 1990,3.7,425,1.6,8.8,84.6,1.2,1.3,155,61,4,,,,,,,0,0.2,,,0,100
90,AP069,Kue kelapa,KZGMI-2001,3.3,591,5.6,42.1,47.5,,1.5,32,180,1.6,33,443,0.5,1.1,,,,,,,,100
91,AP070,Kue koa,KZGMI-2001,14.5,340,4.8,0.4,79.3,,1,,,,,,,,,,,,,,,100
92,AP071,Kue ku temu,KZGMI-2001,46.2,214,3.5,0.2,49.6,,0.5,,,,,,,,,,,,,,,100
93,AP072,Kue lumpur,KZGMS-1993,40.1,291,3.6,11.1,44.1,,1.1,96,60,2.3,,,,,20,,400,0.24,,,,100
94,AP073,Kue pelita,KZGMI-2001,71,141,5.3,5.5,17.6,,0.6,,,,,,,,,,,,,,,100
95,AP074,Kue putu cangkir,KZGPI- 1990,32.6,304,5.3,7,54.9,0.9,0.2,18,193,4,,,,,0,,0,0.06,,,0,100
96,AP075,Kue sus,KZGMS-1993,56.6,221,7.5,10.2,24.8,,0.9,105,85,2.5,,,,,26,,1300,0.12,,,0,100
97,AP076,Kue thipan,KZGMI-2001,43,247,2.9,4.2,49.5,,0.4,16,107,1.8,95,56,1.3,0.8,,,,0.17,,,,100
98,AP077,Laksa/Putu mayang,KZGMI-2001,73.2,121,1.7,3.4,21.1,,0.6,,,,,,,,,,,,,,,100
99,AP078,Lapis legit,KZGPI- 1990,21.3,389,6.6,15.7,55.5,0.5,0.9,16,136,1.9,,,,,41,,1032,0.26,0.09,3,0,100
100,AP079,Lupis ketan,KZGPI- 1990,61,164,1.8,2.1,34.5,0.7,0.6,119,31,1.5,,,,,0,,0,0.09,0,0.2,0,100
101,AP080,Manan samin,KZGMI-2001,27.1,379,3.4,18.1,50.6,,0.8,,,,,,,,,,,,,,,100
102,AP081,Martabak india,KZGMI-2001,65.8,153,4.5,4.2,24.3,,1.2,14,108,2.4,240,112,0.4,0.5,,,,,,,,100
103,AP082,Martabak mesir,KZGMI-2001,40.2,278,5.1,8.6,45,,1.1,49,168,3.4,193,123,0.2,0.9,,,,,,,,100
104,AP083,Masekat,KZGMI-2001,15.6,369,2.1,7,74.1,4,0.8,17,52,0.8,141,12,0.4,0.3,155,,,,,,,100
105,AP084,Mie aceh rebus,KZGMI-2001,74.6,113,3,3.2,18.1,,1.1,22,44,1.4,191,36,0.2,0.3,0,0,,0,0,0,0,100
106,AP085,Mie ayam,KZGMS-1993,78.6,102,6.2,3.9,10.5,,0.8,262,51,1.8,279,,,,39,,166,0.85,,0,0,100
107,AP086,Mie bakso,KZGMS-1993,74.5,114,5.3,3,16.4,0.1,0.8,286,53,1.9,760,,,,17,,180,0.16,,,0,100
108,AP087,Mie celon,KZGMI-2001,75.9,102,3,2.1,17.8,,1.2,12,84,1.4,451,112,0.1,0.5,0,0,,0,0,0,0,100
109,AP088,Mie pangsit basah,KZGMS-1993,79.2,105,5.9,4.9,9.4,,0.7,208,48,2,530,,,,25,,620,0.46,,,0,100
110,AP089,Nasi gemuk,KZGMI-2001,61.4,192,3.8,8.8,24.4,0.7,1.6,15,74,1,355,63,0.2,1.4,0,0,,0.19,0.05,2,0,100
111,AP090,Nasi gurih,KZGMI-2001,60.5,190,4.7,7.5,26,0.7,1.3,12,62,0.8,296,52,0.2,1.2,0,0,,0.11,0.06,2.1,0,100
112,AP091,Nasi minyak,KZGMI-2001,53.3,207,3.5,5,37.1,0.8,1.1,26,100,1.5,74,174,0.2,2.2,0,0,,0.14,0.07,2.6,0,100
113,AP092,Nasi rames,KZGMS-1993,65.8,155,10.3,4.2,19.1,,0.6,239,62,1.8,265,,,,96,,3140,0.59,0,,,100
114,AP093,Nopia spesial,KZGPI- 1990,11.5,387,5.3,7.6,74.3,0.3,1.3,903,133,4.2,,,,,,,512,0.17,,,0,100
115,AP094,Onde-onde,KZGMI-2001,27.7,336,4,9.8,57.9,,0.6,,,,,,,,,,,,,,,100
116,AP095,Padamaran,KZGMI-2001,67.6,171,3.9,8.9,18.8,,0.8,,,,,,,,,,,,,,,100
117,AP096,Pastel,KZGMS-1993,38.3,307,4.5,13.3,42.4,,1.5,296,53,2.5,,,,,0,,5360,0.15,,,0,100
118,AP097,Pulut,KZGMI-2001,49.1,216,2.6,3.1,44.4,,0.8,6,70,3.8,100,22,0.4,1.3,0,0,,0.14,,,,100
119,AP098,Pundut nasi,KZGMI-2001,77.8,104,1.9,4.1,15.1,0.4,1.1,26,100,1.5,74,174,0,0,,,,,,,,100
120,AP099,Putri hijau,KGZMI-2001,54.8,189,"5,4","2,1","37,2",,"0,5",,,,,,,,,,,,,,,100
121,AP100,Putri selat,KZGMI-2001,66.6,163,2.2,6.5,23.8,,0.9,72,3,4,6,68,,,0,0,,,,,,100
122,AP101,Putu sopa,KZGMI-2001,50.7,215,3.3,4.1,41.1,,0.8,,,,,,,,,,,,,,,100
123,AP102,Renggi goreng,KZGMI-2001,8.8,471,4.7,21.8,64.1,6.4,0.6,4,80,1.1,126,29,0.9,1.3,0,0,0,0.53,0.05,8.2,0,100
124,AP103,Roti boong,KZGMI-2001,34,341,5.5,16.2,43.3,,1,15,65,1.1,161,41,,0.9,,,,0.4,0.3,2.4,0,100
125,AP104,Roti warna sawo matang,DABM-1964,40,249,7.9,1.5,49.7,,0.9,20,140,2.5,500,91,,,0,0,0,0.15,,,0,100
126,AP105,Sarimuka,KZGMI-2001,61.5,166,2.3,2.8,32.9,,0.5,36,13,2,3,34,0,0,,,,,,,,100
127,AP106,Spaghetti,KZGMS-1993,66.1,139,7.4,2.1,22.6,,2.1,109,53,4.7,,,,,42,,940,0.35,,,0,100
128,AP107,Srikaya ketan,KZGMI-2001,41,265,2.7,6.4,49.1,,0.8,,,,,,,,,,,,,,,100
129,AP108,Sunduk lawang,KZGMI-2001,63.4,181,1.9,1.3,32.4,,1,,,,,,,,,,,,,,,100
130,AP109,Suwir-suwir,KZGPI- 1990,13.4,347,0.5,0.9,84.2,0.8,1,42,40,4.3,,,,,1,,240,0.13,,0.9,0,100
131,AP110,Tipa-tipa,KZGPI- 1990,11.3,355,6.2,1.2,79.8,1.3,1.5,17,328,1.6,,,,,0,0,0,0.26,0.04,1.5,0,100
132,AP111,Wajit camilan,KZGPI- 1990,27.1,303,6.3,2.7,63.3,6.9,0.6,61,302,5.5,,,,,0,,0,0.03,,,0,100
133,AP112,Widaran,KZGPI- 1990,7,424,1.3,10.7,80.7,0.2,0.3,49,88,2.5,,,,,21,,440,0.13,0.2,2.2,0,100
134,AP113,Wingko babat,KZGPI- 1990,29.7,355,3.2,15.1,51.4,2.4,0.7,47,63,1.1,,,,,0,,0,0.08,0.08,0,0,100
135,AP114,Yangko,KZGPI- 1990,37.4,254,3,1.1,58.1,0.8,0.4,184,24,2.6,,,,,0,,96,0.15,,0,0,100
140,BR005,"Bengkuang, segar",DABM- 1964,85.1,59,1.4,0.2,12.8,1,0.5,15,18,0.6,2,244.3,0.1,0.3,,0,,0.04,0.1,0.2,20,84
141,BR006,"Bentul (Komba), talas, segar",KZGPI- 1990,75.8,98,1.6,0.7,20.9,0.7,1.8,44,66,1.5,,195.5,0.2,0.6,0,0,0,0.02,0.1,0.8,0,86
142,BR007,"Gadeng/Gadung, kering",KZGMI-2001,20.2,322,2.4,0.6,76.6,,0.2,39,22,2.2,5,2,0.5,0.2,0,0,0,0.45,0.02,1,0,100
143,BR008,"Gadung, ubi, segar",KZGPI- 1990,74.4,100,0.9,0.3,23.5,2.1,0.9,79,66,0.9,8,687.2,0.2,0.2,0,0,0,0.23,0,0.5,2,85
148,BR013,"Kentang, segar",KZGPI- 1990,83.4,62,2.1,0.2,13.5,0.5,0.8,63,58,0.7,7,396,0.4,0.3,0,0,0,0.09,0.1,1,21,85
149,BR014,"Kentang hitam, segar",DABM- 1964,64,142,0.9,0.4,33.7,5.4,1,34,75,0.2,22,890.3,0.9,0.6,,0,,0.02,0.1,2.2,38,75
150,BR015,"Keribang, ubi, segar",KZGPI- 1990,67,137,1.3,1.1,29.8,0.6,0.8,45,56,0.8,10,885.8,0.2,0.3,0,0,0,0,0,0.7,0,83
151,BR016,"Ketela pohon/singkong, segar",KZGPI- 1990,61.4,154,1,0.3,36.8,0.9,0.5,77,24,1.1,2,394,0.3,0.4,0,0,0,0.06,0.1,0.5,31,85
160,BR025,"Talas bogor, segar",KZGPI- 1990,72.4,108,1.4,0.4,25,0.9,0.8,47,67,0.7,10,448,0.2,0.7,0,0,0,0.06,0.07,1,4,85
161,BR026,"Talas pontianak, segar",KZGPI- 1990,60,163,2.3,0.5,36.4,0.7,0.9,45,80,1.7,14,323.1,0.3,1,0,0,0,0.02,0.1,1.3,,83
162,BR027,"Talas viqueque, segar",KZGMI-2001,70.6,115,1.8,0.5,25.9,8.6,1.2,50,220,0.9,1,70,0.3,1,0,0,0,0.08,0.1,0.9,,85
163,BR028,"Ubi jalar, kuning, segar",KZGMI-2001,72.6,119,0.5,0.4,25.1,4.2,1,30,40,0.4,3,1,0.1,0.2,0,794,4948,0.06,0.07,0.7,21,85
164,BR029,"Ubi jalar manis, segar",KZGPI- 1990,78.4,83,1.5,0.2,18.8,0.6,1.1,27,162,2.1,52,320.7,0.1,0.3,0,0,0,0.02,0,0.4,0,85
165,BR030,"Ubi jalar merah, segar",KZGPI- 1990,61.9,151,1.6,0.3,35.4,0.7,0.6,29,74,0.7,92,565.6,0.3,0.5,0,0,1208,0.13,0.08,0.7,11,86
166,BR031,"Ubi jalar putih, segar",KZGMI-2001,77.8,88,0.4,0.4,20.6,4,0.8,30,10,0.5,2,4,0.1,0.2,0,13,264,0.25,0.06,0.5,36,86
167,BR032,Ubi jalar tinta/kemayung,KZGMI-2001,72.5,108,0.5,0.4,25.6,4.2,1,30,40,0.5,1,1,0.1,0.2,0,13,0,0.09,0.06,0.6,24,85
168,BR033,"Umbi Uwi, segar",BKP,69.7,120,2.8,0.5,82.3,2.6,0.9,9,42,1.3,12,412,0.3,0.6,,0,0,0.02,0.5,0.2,4,86
178,BP010,"Talas bogor, kukus",KZGPI- 1990,69.2,120,1.5,0.3,28.2,0.7,0.8,31,63,0.7,11,498,0.2,0.6,0,0,0,0.05,0.6,0.8,2,100
179,BP011,"Ubi jalar, kuning, kukus",KZGPI- 1990,74.2,100,0.7,0.3,23.8,1,1,44,46,0.4,3,0.8,0.1,0.2,0,819,,0,0.1,0.6,16,100
180,BP012,Ubi jalar tinta/kemayung kukus,KZGPI- 1990,58.5,165,0.9,0.2,39.8,1.1,0.6,20,23,0.8,1,0.9,0.1,0.2,0,0,0,0.02,0.1,0.5,0,100
181,BP013,Bagea kelapa asin,KZGMI-2001,3.5,450,3.2,13.9,78.1,,1.3,38,38,0.3,74,0,0.2,0.2,0,0,0,0.3,0,0,0,100
182,BP014,Bagea kelapa manis,KZGMI-2001,3,452,1.3,13.8,80.6,,1.3,38,39,0.3,75,0,0.2,0.2,0,0,0.3,0,0,0,0,100
183,BP015,Bagea kenari asin,KZGMI-2001,2.8,529,3.2,29.1,63.6,,1.3,38,40,0.4,74,0,0.2,0.2,0,0,0,0.3,0,0,0,100
184,BP016,Bagea kenari manis,KZGMI-2001,3.1,523,3.2,28.2,64.2,,1.3,38,39,0.3,74,0,0.2,0.2,0,0,0,0.3,0,0,0,100
185,BP017,Bagea kw 1,KZGPI- 1990,7.2,416,6.5,9.4,76.3,0.4,0.6,49,77,4.9,,,,,13,,312,0.08,,2.6,0,100
186,BP018,Bagea kw 2,KZGPI- 1990,7.9,382,0.3,3.5,87.2,8,1.1,172,120,7.6,,,,,0,0,0,0.02,,,0,100
187,BP019,Beras Cerdas,BKP,11.3,350,2.7,1.1,82.3,6.2,2.6,28,351,2.9,358,568,0.2,0.9,,0,0,0.02,0.2,0.3,0,100
188,BP020,Beras ganyong,BKP,9.3,364,3.4,0.7,86.3,4.7,0.5,4,47,5,4,72.2,0.2,0.6,,1,0.1,0.02,0.02,0.3,0,100
189,BP021,Beras Siger,BKP,13.5,344,1.1,0.2,28.3,5.6,0.7,32,22,5.6,106,77.9,0.1,0.5,,0,0,0.02,0.1,0.2,0,100
190,BP022,Biji nangka/Biji salak,KZGMI-2001,40.5,262,2.3,5.4,51.1,8,0.7,60,80,0.8,10,2,0.6,2,0,1667,,0.1,1,,10,100
191,BP023,Bubur sagu,KZGMI-2001,62.5,167,0.2,4,33,,0.3,3,3,0.1,7,0,0.1,0.1,0,0,0,9,,0.1,0,100
192,BP024,Cassavastick,KZGPI- 1990,5.6,460,0.8,18.7,71.8,1.6,2.7,144,58,7.5,,,,,0,,107,0.19,0.07,0.1,0,100
193,BP025,Ceriping getuk singkong,KZGPI- 1990,7.2,462,1.2,20.7,67.7,0.6,3.2,1248,172,8.8,,,,,0,,152,0.29,0.02,0.5,0,100
194,BP026,Gatot,BKP,12.8,347,1.3,0.7,83.8,5.8,1.4,78,44,17.1,28,242,0.2,0.7,,0,0,0.02,0.1,0.4,0,100
195,BP027,Geblek,BKP,52.1,195,0.4,1.7,44.4,3.6,1.4,35,13,0.6,353,125,0.3,0.3,,0,0.3,0.02,0,0.1,0,100
196,BP028,Getuk goreng,KZGPI- 1990,16.5,360,1.3,6.4,74.3,0.8,1.5,59,81,3.2,,,,,0,0,0,0.21,,0.1,0,100
197,BP029,Getuk singkong,KZGPI- 1990,49.8,204,0.5,1.4,47.4,0.8,1.1,97,52,1.5,,,,,0,,208,0.08,,0.1,0,100
198,BP030,Gurandil,KZGPI- 1990,47.5,218,0.5,2.5,48.5,3.1,1,50,25,2.8,,,,,,,0,0.19,,,0,100
199,BP031,Kabuto,KZGMI-2001,58.9,250,2.6,2.5,35.4,1.8,0.6,35,49,1.1,2,218,,,,0,0,0.1,0.1,0.6,,100
200,BP032,Kapurung,KZGMI-2001,79.6,41,2,0.3,7.8,2,0.6,34,12,0.3,185,566,0.1,0.3,0,213,,0.12,0.25,2.7,15,100
201,BP033,Kecimpring singkong goreng,KZGPI- 1990,3.7,464,1.2,18.6,73,1.3,3.5,82,52,3.4,,,,,,,,0.34,,,0,100
202,BP034,Keremes,KZGPI- 1990,6.7,475,1.6,25.2,64.4,2.1,2.1,153,88,1,,,,,0,,1000,0,,,0,100
203,BP035,Keripik gadung,KZGPI- 1990,4,446,2.8,14.5,76,1.7,2.8,147,52,1.9,,,,,0,0,0,0.95,,,0,100
204,BP036,Keripik kentang,KZGMI-2001,7.8,448,2.7,18.8,67.1,3.8,3.6,25,130,1.2,712,406,1.1,,,15,,0.1,0.05,2.8,0,100
205,BP037,Keripik singkong,KZGPI- 1990,4.2,478,0.9,20.7,72,2,2.2,189,101,1.9,,,,,0,0,0,0.24,,,0,100
206,BP038,Keripik singkong berbumbu,KZGPI- 1990,2.2,481,2.2,19.7,73.6,1.6,2.3,156,103,1.6,,,,,0,,80,0.31,,,0,100
207,BP039,Keripik ubi,KZGMI-2001,6,486,0.2,23.9,67.6,14.3,2.3,68,92,0.9,52,2,0.7,2.3,0,920,,0.1,0.1,0.5,0,100
208,BP040,Kerupuk cumi goreng,KZGMI-2001,3.4,444,6.9,14.6,71.3,5,3.8,47,375,1.8,837,191,0.1,0.3,,,,0.4,0.1,1.8,0,100
209,BP041,Kerupuk kemplang (ikan) mentah,KZGMI-2001,14.2,325,1.8,0.4,78.5,4.5,5.1,59,268,2.3,1123,273,0.2,0.5,32,0,,0.6,0.1,2.3,0,100
210,BP042,Kerupuk kemplang goreng,KZGPI- 1990,5.8,504,5.6,28.1,57.1,0.3,3.4,50,94,2.9,,,,,6,,280,0.31,,,0,100
211,BP043,Kerupuk kemplang panggang,KZGPI- 1990,9.4,356,9.7,1.1,76.9,1,3,62,129,2.9,,,,,7,,280,0.36,,,0,100
212,BP044,Kerupuk mie kuning goreng,KZGPI- 1990,7.2,476,0.1,21.1,71.3,4.2,0.3,57,36,4.6,,109,0.1,0.2,0,,333,0.22,0,0.9,0,100
213,BP045,Kerupuk udang goreng,KZGMI-2001,4.4,477,4.7,20.5,68.5,5,1.9,24,188,0.9,449,109,0.1,0.2,,0,,0.2,0,0.9,0,100
214,BP046,Kue bangket,KZGMI-2001,16.1,338,1.5,1.2,80.3,,0.9,34,35,0.3,67,0,0.2,0.2,0,0,0,0.3,0,0,,100
215,BP047,Kue putu singkong,KZGMI-2001,44.2,217,1.2,0.5,53.2,2.4,0.9,48,68,1.5,3,305,,,,0,0,0.1,0.1,0.8,,100
216,BP048,Lanting getuk,KZGPI- 1990,4.2,422,0.9,10.8,80.4,1.4,3.8,206,104,3.6,,,,,0,,0,0.43,,,0,100
217,BP049,Mi golosor,KZGPI- 1990,82.9,71,0.2,0.8,15.9,0.1,0.2,117,5,0.2,,,,,0,,112,0.05,0.02,0,0,100
218,BP050,Mie Bendo,BKP,11.5,353,0.3,0,88,2.4,0.2,28,14,2.8,9,49.2,0.5,0.1,,2,0,0.02,0,0.1,0,100
219,BP051,Mie Sagu,BKP,52.8,190,0.2,0.4,46.5,1.4,0.1,8,7,0.3,10,2.6,0.1,0,,2,0,0,0.4,0,0,100
220,BP052,Ongol-ongol sagu,KZGPI- 1990,75.3,111,0.3,2.7,21.2,0.3,0.5,79,15,1.7,,,,,0,,0,0.06,,,0,100
221,BP053,Oyek,BKP,12.6,351,0.9,0.9,84.9,4.3,0.7,60,36,2.1,5,229,0.1,0.5,,0,0,0.02,0.02,0.5,0,100
222,BP054,Papeda,KZGMI-2001,84.8,61,0.2,0.1,14.9,0.5,0.1,3,1,0.2,4,20,0.1,0.1,0,0,0,0.06,0,0,0,100
223,BP055,Rasbi (Beras Ubi),BKP,11.1,394,2.2,8.8,76.6,6.8,1.3,68,76,1.6,165,388,0.4,0.4,,0,0,0.02,0.3,1.2,0,100
224,BP056,Rasi (Beras Singkong),BKP,12.6,350,0.9,0.4,85.7,14.4,0.5,42,21,1.5,8,14,0.3,0.5,,0,0,0.02,0.02,0.4,0,100
225,BP057,Sagu forno,KZGMI-2001,31.5,291,0.5,4,63.4,,0.6,10,20,0.8,40,50,0.1,0.2,0,0,0,,,,0,100
226,BP058,Sagu Lemak (Kue Sagon),BKP,4.3,452,2.8,14.8,76.8,1.1,0.7,15,39,1.1,182,52.7,0.04,0.8,,1220,0,0.32,0.04,0.1,0,100
227,BP059,Sagu manis,KZGMI-2001,32.6,287,0.5,3.9,62.4,,0.6,8,17,0.7,34,42,0.1,0.2,0,0,0,,,,0,100
228,BP060,Sagu Rendang,BKP,8.2,364,0.1,0.2,90.5,1.9,1,13,9,3.9,42,15.1,0.1,0.1,,0,0,0.02,0.6,0.8,0,100
229,BP061,Sagu sinole,KZGMI-2001,22,354,0.8,8.3,68.9,,0.1,10,30,0.8,30,11,0.2,0.3,0,0,0,,,,0,100
230,BP062,Serimping talas kebumen,KZGPI- 1990,4.8,478,2.5,21.2,69.2,1.7,2.3,112,118,2.3,,,,,0,,0,0.25,,,0,100
231,BP063,Tapai singkong,KZGPI- 1990,57.4,169,1.4,0.3,40.2,2,0.7,21,34,0.8,,,,,0,0,0,0,,,9,100
232,BP064,Tepung Arrowroot,DABM- 1964,13.6,355,0.7,0.2,85.2,0.4,0.3,8,22,1.5,2,10.7,0,0.1,,20,3,0.09,0,0,0,100
233,BP065,Tepung Ganyong,BKP,13.6,353,0.8,1.7,83.6,0.7,0.3,4,31,3.3,3,63.5,0.1,0.3,,0,0,0.02,0,0.9,1,100
234,BP066,Tepung Gaplek,BKP,13,345,2.4,0.4,83.1,6.7,1.1,18,95,1.5,6,55,0.4,1.2,,1,0,0.3,0.2,0.1,0,100
235,BP067,"Tepung kentang, kering",DABM- 1964,13,347,0.3,0.1,85.6,0.4,1,20,30,0.5,51,156.3,0.2,0.5,,0,0,0.04,0,0.4,0,100
236,BP068,Tepung Mocaf,BKP,11.9,350,1.2,0.6,85,6,1.3,60,64,15.8,8,403,0.1,0.6,,0,0,0.02,0.02,0.7,2,100
237,BP069,Tepung Sente,BKP,15.3,326,4,0.4,76.7,8.5,3.6,41,141,3.5,14,1602,0.4,1.4,,0,0,0.02,0.2,7.7,0,100
238,BP070,Tepung singkong/Tapioka,DABM- 1964,9.1,363,1.1,0.5,88.2,0.9,1.1,84,125,1,1,7.1,0,0.1,,0,,0.04,0,0.4,0,100
239,BP071,Tepung Tales Beneng,BKP,12.2,332,5.7,0.6,76.1,12.2,5.5,59,302,10.7,7,1404,0.8,6.2,,0,0,0.02,0.1,0.3,0,100
240,BP072,Tepung Ubi Ungu,BKP,9.4,354,2.8,0.6,84.4,12.9,2.8,89,125,3.9,42,940,0.8,0.6,,0,0,0.4,0.02,0,0,100
241,BP073,Tiwul,BKP,11.2,353,2.4,1.1,83.4,6.5,1.6,55,95,4.7,5,670,0.2,0.8,,0,0,0.02,0.02,0.1,3,100
242,BP074,Tiwul Instan,BKP,9.1,395,3.2,8.5,76.5,4.2,2.7,81,81,5.8,377,469,2.1,1.2,,0,0,0.4,0.2,0.2,4,100
243,BP075,Ubi Cilembu,BKP,52.7,186,1.9,0.2,44.3,3.4,0.9,37,51,0.6,1,61.9,0.1,0.2,,26,0,0.02,0.2,0,0,89.6
244,BP076,Uli batatas,KZGMI-2001,66.5,150,1.1,4,27.4,,1,,23,0.1,6,112,0.1,0.2,0,0,0,0.53,0,1.3,0,100
245,CR001,"Kacang arab, kering",DABM-1964,11.6,330,23.8,1.4,60.2,17.4,3,57,388,4.7,24,874.3,0.85,3.4,,40,140,0.77,0.21,1.5,2,100
246,CR002,"Kacang babi, kering",KZGPI-1990,11.6,341,30.4,3.2,51.3,4.5,3.5,178,521,6.8,13,1768,0.82,3.1,,,87,0.23,0.33,2.8,,80
247,CR003,"Kacang belimbing (kecipir), kering",KZGPI-1990,10.4,400,34.4,16.9,34.1,10.7,4.2,468,182,6.8,37,955,2.82,2,,,,0.3,0.44,3,,100
248,CR004,"Kacang beracun, segar",KZGMI-2001,72.1,118,4.4,1.5,21.6,,0.4,50,50,1.7,10,40,0.3,1,,,,0.43,,,,
249,CR005,"Kacang bogor, kering",DABM-1964,10,370,16,6,65,26.3,3,85,264,4.2,44,868.8,1.48,2.7,0,,,0.18,0.26,6.2,0,100
250,CR006,"Kacang bogor, segar",KZGPI-1990,60.8,165,7.7,3.1,27.4,2.5,1,96,126,5.3,6,537,0.41,1.2,,29,,0.32,0.35,2.7,,100
251,CR007,"Kacang endel, biji, kering",DABM-1964,14,331,25,1,58,23.6,2,80,400,5,12,1322.4,0.68,2.7,0,,,0.3,0.75,2.3,,95
252,CR008,"Kacang ercis, segar",KZGMI-2001,67.6,129,12.4,0.7,18.3,28.6,1,40,130,2.3,4,310,0.3,2.1,,212,,0.29,0.05,2.7,,45
253,CR009,"kacang galing, segar",DABM-1964,12,336,23.1,1.7,59.5,,3.8,80,400,5,,,,,0,,,0.6,,,0,95
254,CR010,"Kacang gude, biji, kering",KZGPI-1990,16.1,316,20.7,1,58,4.6,4.2,146,445,4.7,16,1306.2,0.99,2.7,,19,,0.3,0.19,2.4,,100
255,CR011,"Kacang gude, biji, segar",DABM-1964,70.3,114,7,0.6,20.8,4.4,2.3,3,122,1.5,4,480.5,0.12,0.9,,,70,0.37,0.07,0.8,43,100
256,CR012,"Kacang hijau var, bakti, kering",KZGPI-1990,7.4,350,17.1,1.8,70.7,5.7,3.1,94,315,4.9,46,893.9,1.52,3.1,,171,235,0.4,0.27,2.6,11,100
257,CR013,"Kacang hijau var, siwalik, kering",KZGPI-1990,8.8,339,20.8,2.1,64.6,7.4,3.7,122,136,4.9,45,880.4,1.5,3.1,,168,321,0.45,0.27,2.6,,100
258,CR014,"Kacang hijau, kering",KZGPI-1990,15.5,323,22.9,1.5,56.8,7.5,3.3,223,319,7.5,42,815.7,1.9,2.9,,156,223,0.46,0.15,1.5,10,100
259,CR015,"Kacang hitam, kering",KZGMI-2001,12.5,346,16.6,1.7,66.1,22.8,3.1,70,300,4.7,3,0,0.9,3.5,,28,,0.16,0.1,2.1,,100
260,CR016,"Kacang kapri, segar",DABM-1964,74.3,98,6.7,0.4,17.7,6.2,0.9,22,122,1.9,6,296.6,0.21,1.5,,,680,0.34,0.16,2.5,26,45
261,CR017,"Kacang kedelai, kering",KZGPI-1990,12.7,381,40.4,16.7,24.9,3.2,5.5,222,682,10,210,713.4,1.58,3.9,,237,31,0.52,0.12,1.2,,100
262,CR018,"Kacang kedelai, segar",DABM-1964,20,286,30.2,15.6,30.1,2.9,4.1,196,506,6.9,28,870.9,1.24,3.6,,,95,0.93,0.26,1.8,,100
263,CR019,"Kacang kincai, kering",KZGMI-2001,4.2,444,19.9,16,55,,4.9,26,,,,,,,,,,0.1,0.1,1.9,,
264,CR020,"Kacang komak, segar",KZGMI-2001,20.9,327,16.4,4.3,55.8,0.5,2.6,74,282,4,22,1137,0.9,2.1,,,,0.99,0.12,0.1,,45
265,CR021,"Kacang kuning, kering",KZGMI-2001,11.7,355,17,2.5,66,15.1,2.8,140,220,5.8,1,0,0.7,3.2,,58,,0.47,0.08,1.9,,
266,CR022,"Kacang lebui /iris, kering",KZGMI-2001,11.8,346,16.5,1.5,66.6,37.3,3.6,144,368,3.4,17,1225,1.5,3.3,,64,,0.62,0.2,0,,100
267,CR023,"Kacang mentega, kering",KZGMI-2001,13.7,344,16.7,2.1,64.6,13,2.9,110,300,6.7,1,10,0.7,2.5,,0,,0.21,0.07,1.2,,
268,CR024,"Kacang merah /banda, kering",KZGMI-2001,13,350,13.9,3,66.9,26.3,3.2,84,242,6.8,19,1127,0,42,,137,,0.15,0.76,0.3,,100
269,CR025,"Kacang merah tua, kering",KZGPI- l990,12.3,280,16.7,1.6,63.2,4.6,6.2,209,335,6.4,19,1348.5,0.69,2.8,,,,0.1,0.08,2,6,100
270,CR026,"Kacang merah, kering",KZGPI- l990,17.7,314,22.1,1.1,56.2,4,2.9,502,429,10.3,11,1265.5,0.65,2.6,,129,,0.4,0.72,2.2,,100
271,CR027,"Kacang merah, segar",KZGPI- l990,57.2,171,11,2.2,28,2.1,1.7,293,134,3.7,7,360.7,0.34,1.4,,0,10,0.15,0.15,1.1,,100
272,CR028,"Kacang mete/biji jambu monyet, segar",KZGMI-2001,4.6,616,16.3,48.4,28.7,0.9,2,26,521,3.8,26,692,4.7,4.1,,5,,0.64,0.03,0,,69
273,CR029,"Kacang panjang, biji, kering",DABM-1964,12.2,357,17.3,1.5,68.6,10.6,0.4,163,437,6.9,16,1109.4,0.35,2.8,0,2182,,0.57,0.98,7.1,2,100
274,CR030,Kacang tanah sangan,KZGPI- l990,1.2,560,29.5,43,24.1,2.9,2.2,107,366,4.1,34,509.8,1.69,2.1,,0,,0.31,0.3,15.5,,100
275,CR031,Kacang tanah sangan tanpa selaput,DABM-1964,2.6,559,26.9,44.2,23.6,2.6,2.7,74,393,1.9,33,202.3,520.4,1.7,0,0,,0.3,29.47,8,0,100
276,CR032,"Kacang tanah, kering",KZGPI- l990,9.6,525,27.9,42.7,17.4,2.4,2.4,316,456,5.7,31,466.5,1.55,1.9,,0,30,0.44,0.27,1.4,,100
277,CR033,"Kacang tolo / tunggak, kering",KZGPI- l990,13.5,331,24.4,1.9,56.6,1.6,3.6,481,399,13.9,15,7.8,1.03,5.9,,65,,0.06,0.2,4.3,,100
278,CR034,"Kacang tunis, kering",KZGMI-2001,10.5,351,12.2,1.2,72.9,29.5,3.2,120,220,6.9,1,0,1.4,2.9,,,,0.57,0.13,2.5,,100
279,CR035,"Kacang uci, kering",KZGPI- l990,9.9,358,23.4,2.4,60.6,7.4,3.7,269,264,0.5,13,1457.7,0.35,,,20,,0.1,0.2,2.5,2,100
280,CR036,"Kacang urei, kering",KZGMI-2001,12.8,354,12.8,1.8,69.3,26.1,3.3,220,220,5.1,1,0,0.7,3.1,,,,0.55,0.05,3.5,,
281,CR037,"Kenari banda, kering",KZGMI-2001,13,616,13.9,56.2,13.7,,3.2,0,380,1.4,11,460,1.1,3.2,,90,,0.83,0.08,0.5,,100
282,CR038,"Kenari, kering",DABM-1964,3,657,15,66,13,,3,92,691,7.7,3,505.8,0.97,3,0,,,0.42,0.09,0.5,0,100
283,CR039,"Komak polong, segar",KZGMI-2001,74.3,99,3.3,0.1,21.2,10.3,1.1,50,99,13.1,15,567,0.2,0.6,,5,,0.13,0.03,0.2,,100
284,CR040,"Koro andong, kering",KZGPI- 1990,10.8,356,20.5,4.1,61.6,7,3,150,272,6.2,18,301.8,0.73,2.8,,0,,0.29,0.02,1.4,1,100
285,CR041,"Koro benguk, biji, kering",DABM-1964,15,332,24,3,55,5.6,3,30,200,2,42,389.2,1.25,8.7,,0,70,0.3,0.12,1.7,0,95
286,CR042,"Koro kerupuk, biji, segar",DABM-1964,67.2,125,8.3,0.7,22.1,2.2,1.7,17,12,2.7,16,150.3,0.48,3.4,,0,80,0.11,0.04,1.1,31,68
287,CR043,"Koro loke, biji, segar",DABM-1964,88.6,33,2.7,0.2,7.9,3.5,0.6,60,40,2,2,38.6,0.09,0.4,,0,40,0.1,0,0.2,0,95
288,CR044,"Koro roay, kering",KZGPI- 1990,13,344,12.5,2.1,69.4,7.5,3,70,103,4.4,18,294.3,0.72,2.7,,0,28,0.11,0.21,1.4,1,100
289,CR045,"Koro wedus, biji, kering",DABM-1964,11.8,338,22.2,1.5,61,5.8,3.5,88,395,3.5,43,403.8,1.3,9.1,0,0,,0.62,0.12,1.8,0,100
290,CR046,"Lamtoro biji, muda, segar",DABM-1964,77.4,85,5.7,0.3,15.4,10.8,1.2,180,53,2.7,35,485.7,0.02,1.4,,0,423,0.08,1.15,1,15,100
291,CR047,"Lamtoro biji, tua, segar",DABM-1964,61.4,148,10.6,0.5,26.2,17,1.3,155,59,2.2,28,628.5,0.03,2.4,,,416,0.23,0.49,2.8,20,100
292,CR048,"Lamtoro var, gung tanpa kulit",KZGPI- 1990,10.2,367,46.4,5.4,32.5,2.6,4.4,136,441,23.3,65,1462.3,0.07,5.6,,,18900,0.06,1.15,1,9,100
293,CR049,"Lamtoro var, lokal dengan kulit",KZGPI- 1990,13.5,336,23.8,1.2,59.7,15.4,1.8,867,321,1.5,134,1858.9,0.07,5.4,,,321,0.15,1.34,0.9,16,100
294,CR050,"Nangka, biji, segar",DABM-1964,57.7,165,4.2,0.1,36.7,1.8,1.3,33,200,1,69,179,0.12,0.2,0,0,,0.2,0.03,1.4,10,75
295,CR051,"Saga merah terkupas, mentah",KZGPI- 1990,8.1,449,30.6,25.5,31.9,3.5,3.9,1062,161,14.2,66,1496.5,0.07,5.7,,,107,0.09,1.5,10.9,7,100
296,CR052,"Wijen, mentah",DABM-1964,5.8,568,19.3,51.1,18.1,3.6,5.8,1125,614,9.5,18,303.7,4.16,7.9,,15,,0.93,0.2,5.7,0,100
297,CP001,"Kacang belimbing, rebus",KZGPI-1990,55.6,204,16.9,8.8,17.5,4.8,1.2,230,180,3.3,43,1098,3.24,2.3,,,,0.2,0.48,0.7,,100
298,CP002,"Kacang bogor, goreng",KZGPI-1990,3,479,12.7,23.2,58.9,1.2,2.2,135,184,2.9,,,,,,,,0.25,0.45,4.1,,35
299,CP003,"Kacang bogor, rebus",KZGPI-1990,61.2,161,7.7,2.8,27.2,2,1.2,56,134,1.4,,,,,,,,0.1,,,,35
300,CP004,"Kacang gude, rebus",KZGPI-1990,61.5,147,9,0.5,27.5,3.4,1.5,50,175,2,14,1126,0.8,2.7,,12,,0.1,0.07,13.2,,100
301,CP005,"kacang hijau, rebus",KZGPI-1990,71.3,109,8.7,0.5,18.3,1.5,1.2,95,149,1.5,447,657.8,1.4,2.8,,18,120,0.12,0.04,0.4,3,100
302,CP006,"Kacang kedelai, goreng",KZGPI-1990,9.6,521,32.2,37.7,22.9,7.6,3.7,296,800,6.5,3492,11890,26.3,60,,,20,0.4,1.9,19,,100
303,CP007,"Kacang kedelai, rebus",KZGPI-1990,56.8,189,20.2,8.2,12.7,1.6,2.1,91,270,3.9,181,615,1.3,3.7,,4,15,0.2,0.04,0.5,0,100
304,CP008,"Kacang merah kering, rebus",KZGPI- l990,59.6,158,10.3,0.9,28.2,2.6,1,160,149,3.7,6,311,0.27,1.5,,,,0.2,0.09,0.8,,100
305,CP009,"Kacang merah segar, rebus",KZGPI- l990,63.1,144,10,1,24.7,3.5,1.2,144,150,2.8,6,311,0.27,1.5,,0,,0.1,0.08,0.7,,100
306,CP010,"Kacang mete/biji jambu monyet, goreng",KZGPI- 1990,1,629,20.4,56.3,19.8,1.1,2.5,502,493,8,13,641.7,4.7,5.4,,5,,0.37,0.22,1.8,,100
307,CP011,Kacang tanah rebus dg kulit,DABM-1964,40.2,360,13.5,31.2,12.8,,2.3,42,177,1.4,32,483,1.6,2,0,,,0.44,0.13,9,5,43
308,CP012,"Kacang tanah, goreng",KZGPI- l990,2.5,564,25.5,44.4,25.5,2.8,2.8,106,390,4.1,,,,,,,,0.4,,,,100
309,CP013,"Kacang tanah, rebus",KZGPI- l990,62.1,220,10.6,28,8,1,1.3,89,273,1.9,36,536.2,1.78,2.2,,,,0.1,,,0,100
310,CP014,"Kacang tolo, rebus",KZGPI- l990,64.4,138,10.7,1.1,22.6,0.9,1.2,165,172,4,13,6.7,0.8,6.1,,,,0.01,0.17,3.2,,100
311,CP015,Ampas kacang hijau,KZGPI- 1990,70.6,96,3.7,0.6,19.1,2.7,0.6,133,150,1.3,,,,,,,,0.05,,,,100
312,CP016,"Ampas tahu, mentah",KZGPI- 1990,84.1,67,5,2.1,8.1,4.1,0.6,460,88,1,8,185.5,0.17,0.5,,0,,0.06,0.02,0.1,,100
313,CP017,Ampas tahu kukus,KZGPI- 1990,82.5,75,4.1,2.1,10.7,5.1,0.6,203,60,1.3,,,,,,0,,0.07,,,,100
314,CP018,"Ampas tahu, kering",DABM-1964,9,414,26.6,18.3,41.3,0,5.8,19,29,4,45,1055.7,0.99,2.8,0,24,,0.2,0.1,0.5,0,100
315,CP019,Pepea oncom ampas tahu,KZGPI- 1990,80.9,76,5.2,1.8,10.6,2.2,1.5,215,66,12.5,,,,,,,268,0.11,,,,100
316,CP020,Bungkil biji karet,DABM-1964,12,210,30,10,10,,29.4,102,660,12,,,,,0,,,0.1,,,0,100
317,CP021,Bungkil kacang tanah,DABM-1964,15,365,45,13,17,,33.1,730,470,30.7,,,,,0,,,0.04,,,,100
318,CP022,Bungkil kelapa,DABM-1964,16,36,23,15,35,,38,137,433,41.5,,,,,0,,,0,0.46,8.9,,100
319,CP023,Dodol banjarmasin,KZGMI-2001,17.3,368,2.6,8.6,70,0.5,1.5,51,180,3.3,48,96,0.4,2.6,0,0,0,0.04,0.07,2.3,0,100
320,CP024,Emping (kerupuk melinjo),DABM-1964,15,300,12,1.5,61,,28,100,400,5,,,,,,,,0.2,,,0,100
321,CP025,Emping komak,KZGMI-2001,14.2,355,17.8,4.6,60.7,,2.7,87,304,4.3,24,1233,1,2.3,,0,,,,0.6,,100
322,CP026,Enting-enting gepuk hello kity,KZGPI- 1990,2.4,538,13.6,30.3,52.6,0.2,1,81,248,1.6,,,,,0,,202.6,1,,,0,100
323,CP027,Enting-enting gepuk kacang tanah,KZGPI- 1990,4.2,524,13.3,29.2,52.2,0.2,1.4,76,248,1.4,,,,,0,,272,0.62,,,0,100
324,CP028,Enting-enting wijen,KZGPI- 1990,3.7,565,18.2,38.4,36.8,1.9,3,251,502,10.9,,,,,0,,240,0.92,,,0,100
325,CP029,Geplak,KZGMI-2001,29.6,350,1.4,14.4,53.6,1.8,1,151,43,2.1,,,,,0,,120,0.12,0.02,0.8,0,100
326,CP030,Geplak jahe,KZGMI-2001,12.4,462,3.1,24.4,57.7,3.3,2.5,212,161,6.6,,,,,0,,272,0.12,0,0.1,0,100
327,CP031,Kacang atom,KZGPI- 1990,3.1,533,27.8,38.1,28.8,2.5,2.2,87,423,3,,,,,,,0,0.06,,,0,100
328,CP032,Kacang goyang,KZGMI-2001,8.3,516,14.7,31.1,44.4,,1.5,34,230,0.7,2,365,0.6,1.7,,,,,,,,100
329,CP033,Kacang negara,KZGMI-2001,3.1,480,18.4,19.1,58.5,11.7,0.9,34,404,10.3,1010,385,2.5,7.1,,,,0.63,0.05,2.6,,100
330,CP034,Kacang sukro,KZGPI- 1990,4.7,484,8.8,26.1,57.7,1.8,2.7,49,194,2.5,,,,,,,0,0.06,,,0,100
331,CP035,Kacang tanah sari,KZGPI- 1990,2.1,561,25.5,43.8,26,2.2,2.6,50,324,3.1,,,,,,,0,0.08,,,0,100
332,CP036,Keju kacang tanah (peanut butter),DABM-1964,3,590,27,49,20.9,1.6,0.1,60,360,2,355,492.4,0.57,2.7,0,0,,0.3,0.2,16.2,0,100
333,CP037,Kembang tahu,KZGPI- 1990,10.8,380,48.9,13.8,23.3,0,3.2,378,781,2.1,55,455.3,0.68,4.2,,0,,0.15,0.08,0.7,,100
334,CP038,Kembang tahu rebus,KZGPI- 1990,79.8,90,10.7,4,4.7,,0.8,85,,,,,,,,,,,,,,100
335,CP039,Keripik oncom,KZGPI- 1990,3,598,8.3,43.8,42.6,3.3,2.2,85,153,27.7,,,,,,,1608,1.13,,,0,100
336,CP040,Keripik tempe,KZGPI- 1990,3.3,581,12.1,40.6,41.7,2.2,2.3,237,116,6.9,,,,,,,320,0.35,,,0,100
337,CP041,Keripik tempe abadi besar,KZGPI- 1990,4.5,556,15.8,37.1,39.8,3.5,2.8,112,215,5.4,,,,,,,0,0.63,,,0,100
338,CP042,Keripik tempe abadi murni,KZGPI- 1990,3.2,542,40.3,42.4,11.6,2.2,2.7,175,529,5.2,,,,,,,50,0.1,,,0,100
339,CP043,Keripik tempe abadi sedang,KZGPI- 1990,4.4,510,12.3,27.9,52.4,3.6,3.1,122,211,8.4,,,,,,,0,0.52,,,0,100
340,CP044,Keripik tempe abadi telur,KZGPI- 1990,4.5,529,20.8,31.7,40.2,3,2.9,124,222,5.4,,,,,,,0,0.86,,,0,100
341,CP045,Kerupik tempe abadi prima,KZGPI- 1990,4.8,540,16.7,33.9,42,2.2,2.6,92,184,3.2,,,,,,,1080,0.38,,,0,100
342,CP046,Kwaci,DABM-1964,9.9,515,30.6,42.1,13.8,13.6,3.7,54,312,6.2,124,448.6,0.65,9.7,0,,,0.02,0.19,0.3,0,35
343,CP047,Melinjo emping tebal goreng manis,KZGPI- 1990,5.6,439,10,16.4,65.7,,2.3,66,225,,,,,,,,0,0.1,,,0,100
344,CP048,"Melinjo emping tebal, goreng asin",KZGPI- 1990,8,431,11.1,16.2,63,,1.6,77,,,,,,,,,0,0.08,,,0,100
345,CP049,Melinjo emping tipis goreng,KZGPI- 1990,3.3,485,11.5,24.5,59.1,,1.5,85,218,,,,,,,,0,0.11,,,0,100
346,CP050,Moon tahu,KZGMS-1993,79.9,128,8,10,1.3,0.2,0.8,205,92,2.5,393,,,,131,,5300,0.46,,,0,100
347,CP051,Oncom,DABM-1964,57,187,13,6,22.6,,1.4,96,115,27,,,,,0,,,0.09,0,1.6,0,100
348,CP052,Oncom ampas kacang hijau,KZGPI- 1990,13.4,376,14.9,6,65.7,12.3,1.7,199,110,10.9,,,,,,,,0.03,,,,100
349,CP053,Oncom kacang hijau + singkong,KZGPI- 1990,16.5,351,11,5.3,65.9,9,1.3,164,113,7.8,,,,,,,,0.01,,,,100
350,CP054,Oncom kacang tanah pepes,KZGPI- 1990,65,132,12.7,3.8,13.7,3.1,4.8,133,355,34.4,,,,,,,10,0.08,0.2,0.7,0,100
351,CP055,Rempeyek kacang tanah,KZGPI- 1990,3.9,513,17.5,32.5,44.3,1.7,1.8,65,202,2.6,,,,,,,0,0.1,,,0,100
352,CP056,Rempeyek kacang tolo,KZGPI- 1990,6.1,451,11.2,20.2,59.7,1.8,2.8,156,221,4.6,,,,,,,0,0.02,,,0,100
353,CP057,Rempeyek kacang uci,KZGPI- 1990,4,497,17,27.6,50.8,2.4,3.4,166,89,6.7,,,,,,,0,0.05,,,0,100
354,CP058,Sayur lebui,KZGMI-2001,83.9,64,2.1,0.6,12.5,5.7,0.9,21,2,1,124,146,0.2,0.7,,14,,,0,0.1,,100
355,CP059,"Saridele, bubuk",DABM-1964,3,344,30,20,43,6.2,4,450,500,4,56,2572.3,2.99,4,,0,2000,0.7,0.16,2,10,100
356,CP060,Susu kedelai,DABM-1964,87,41,3.5,2.5,5,0.2,2,50,45,0.7,128,287.9,0.12,1,,,200,0.08,0.05,0.7,2,100
357,CP061,"Tahu, mentah",KZGPI- 1990,82.2,80,10.9,4.7,0.8,0.1,1.4,223,183,3.4,2,50.6,0.19,0.8,,118,,0.01,0.08,0.1,,100
358,CP062,Tahu goreng,KZGPI- 1990,77.3,115,9.7,8.5,2.5,0.1,2,229,200,4.1,7,68.2,0.09,1.3,,0,0,0.01,0.24,0,0,100
359,CP063,Tahu telur,KZGMS-1993,41.8,328,12.6,19.9,24.6,0.4,1.1,492,238,4.9,755,,,,73,,1860,0.42,,,0,100
360,CP064,Takwa,KZGPI- 1990,72.2,148,13.8,8.5,4,0,1.6,140,214,8.5,3,79,0.3,1.3,,,920,0.2,0.1,0.8,,100
361,CP065,Tauco,KZGPI- 1990,54,184,11.4,5.5,22.2,1.9,6.9,72,463,6,1766,233,0.39,1,,0,664,0.32,0.2,0.8,0,100
362,CP066,"Tauco cap beruang, cake",KZGPI- 1990,11.4,347,7.4,5.2,67.6,3.2,8.4,63,106,6.2,,,,,,,936,0.35,,,0,100
363,CP067,"Tauco cap DAS, cake",KZGPI- 1990,10.2,358,7.5,4.3,70.4,3.1,7.6,94,94,4.5,,,,,,,504,0.29,,,0,100
364,CP068,Tauco cap meong,KZGPI- 1990,59.7,159,7.4,4.9,21.3,1.6,6.7,183,84,10.1,1547,204.1,0.34,0.9,,0,472,0.46,0.18,0.7,0,100
365,CP069,Tauji cap singa,KZGPI- 1990,30.4,277,9.1,4.7,49.6,1.2,6.2,68,106,3,,,,,,,936,0.15,,,0,100
366,CP070,Tempe bongkrek,DABM-1964,70,88,10,4,3,,146.3,27,100,2.6,,,,,0,,,0.08,,,0,100
367,CP071,Tempe gembus P3G,KZGPI- 1990,81.9,73,5.7,1.3,10.3,4.2,0.8,204,80,1.5,,,,,,,22,0.09,0.1,0.9,,100
368,CP072,Tempe gembus yogya,KZGPI- 1990,80.7,76,6.8,0.7,10.6,5.3,1.1,76,142,16.5,,,,,,,,0.79,0.01,0.1,,100
369,CP073,Tempe kacang babi,KZGPI- 1990,64,139,12.5,0.8,21.9,1.8,1.2,68,182,2.6,,,,,,,20,0.1,,,,100
370,CP074,Tempe kacang belimbing,KZGPI- 1990,58.2,212,17.5,10,12.9,2.9,1.4,186,160,2.2,,,,,,,,0.2,,,,100
371,CP075,Tempe kedelai + jagung,KZGPI- 1990,70.6,143,12,5.5,11.4,1.9,0.6,155,156,6.8,,,,,,,1320,0.33,0.15,1.2,,100
372,CP076,"Tempe kedelai murni, goreng",KZGPI- 1990,36.8,350,24.5,26.6,10.4,4.2,1.8,202,296,4.9,22,626.7,0.8,2.5,,,78,0.24,0.6,3.3,0,100
373,CP077,"Tempe kedelai murni, mentah",KZGPI- 1990,55.3,201,20.8,8.8,13.5,1.4,1.6,155,326,4,9,234,0.57,1.7,,0,,0.19,0.59,4.9,,100
374,CP078,Tempe koro benguk,DABM-1964,64,141,10.2,1.3,23.2,,1.3,42,15,2.6,,,,,0,,,0.09,,,0,100
375,CP079,Tempe lamtoro,KZGPI- 1990,66.8,128,10.7,0.5,21.3,7.1,0.7,203,108,0.6,,,,,,,121,0.17,,,2,100
376,CP080,"Tempe lamtoro var, gung dengan kulit",KZGPI- 1990,2.3,19.6,7.6,1.3,128,41,6.8,,,,,,,1370,0.19,,1.4,,100,"1,4",,100
377,CP081,"Tempe lamtoro var, gung tanpa kulit",KZGPI- 1990,0.8,13,1.3,1.1,95,154,12.4,,,,,,,5900,0.2,0.02,2.6,,100,"2,6",,100
378,CP082,Tempe pasar,KZGPI- 1990,7.7,9.1,1.4,0.9,517,202,1.5,7,165.9,0.4,1.2,,0,,0.17,0.44,3.6,,100,"3,6",,100
379,CP083,Tempe pasar goreng,KZGPI- 1990,28,7.8,3.4,1.3,156,350,3,20,566.2,0.8,2.2,,,10,0.1,0.5,3,0,100,"3,0",0,100
380,CP084,Tepung hunkwe (pati kacang ijo),DABM-1964,1,83.5,16.1,1,50,100,1,15,1232.9,0.93,2.7,0,,,0,0.23,2.2,0,100,"2,2",0,100
381,CP085,Tepung Jalejo,BKP,7.5,61.2,5.8,2.3,101,663,2,3,712,0.6,1.9,,1000,0,0.02,0.7,1.6,9,100,"1,6",9,100
382,CP086,Tepung kacang kedelai,DABM-1964,20.6,29.9,5.8,4,195,544,8.4,52,2522.6,4303,2.6,,0,140,0.77,0.32,2.1,0,100,"2,1",0,100
390,DR008,"Bayam, segar",KZGPI-1990,0.4,2.9,0.7,1.3,166,76,3.5,16,456.4,0.13,0.4,,2699,2293,0.04,0.1,1,41,71,"1,0",41,71
391,DR009,"Bayam merah, segar",KZGMI-2001,0.8,6.3,2.2,2.2,520,80,7,20,60,0.2,0.8,0,7325,,0.2,0.1,0.1,62,71,"0,1",62,71
392,DR010,"Bit, segar",DABM-1964,0.1,9.6,2.6,1.1,27,43,1,29,404.9,0.2,0.7,,0,20,0.02,0.05,0.3,10,75,"0,3",10,75
395,DR013,"Buncis, segar",KZGPI-1990,0.3,7.2,1.9,0.5,101,42,0.7,8,250,0.07,0.3,0,772,550,0.05,0.4,2.8,11,90,"2,8",11,90
396,DR014,"Bunga pepaya, segar",KZGPI-1990,0.3,8.1,1.6,1.7,290,113,4.2,2,478.3,0.08,0.8,,2792,5,0.01,0.28,1,23,100,"1,0",23,100
415,DR033,"Daun kacang panjang, segar",KZGPI-1990,89.7,30,3.1,0.3,5.8,1.7,1.1,200,66,4.5,7,458.6,0.2,0.3,0,2734,4592,0.33,0.2,1.1,30,65
416,DR034,"Daun kasbi/singkong karet, segar",KZGMI-2001,80.3,92,4,3.6,10.9,5.8,1.2,140,70,1.6,70,90,0.3,1.1,,9999,,0.1,0.2,0.1,74,87
417,DR035,"Daun katuk, segar",KZGPI-1990,81,59,6.4,1,9.9,1.5,1.7,233,98,3.5,21,478.8,0.3,1.3,,9152,10020,0,0.31,2.3,16,40
418,DR036,"Daun kecipir, segar",DABM-1964,85,52,5,0.5,8.5,,1,134,81,6.2,6,114,0.3,0.8,,3981,5240,0.28,0.4,2.2,29,70
419,DR037,"Daun kedondong, segar",DABM-1964,81,59,3.5,0.3,13.4,10.7,1.8,540,82,6.2,12,579,,,,1624,2900,0.06,0.2,1.5,29,65
420,DR038,"Daun kelor, segar",KZGMI-2001,75.5,92,5.1,1.6,14.3,8.2,3.5,1077,76,6,61,298,0.1,0.6,,3266,,0.3,0.1,4.2,22,65
421,DR039,"Daun kemang, segar",DABM-1964,85,43,5.5,0.3,7.5,8.4,1.7,35,106,1,10,457.1,,,,1282,1017,0.06,0.1,1.2,30,65
422,DR040,"Daun kenikir, segar",BKP,87.6,45,3.7,0.5,6.6,5.8,1.7,328,65,2.7,6,431,0.1,0.6,,30200,12,0.5,0.3,4.5,0,36.3
423,DR041,"Daun kesum, segar",KZGPI-1990,84.8,48,4.5,0.8,9.1,1.6,0.8,125,142,2.6,11,174.7,0.4,1.2,0,4216,8715,0.01,0.1,1.6,4,53
424,DR042,"Daun kol sawi, segar",KZGPI-1990,93.1,22,2.1,0.5,3.6,0.9,0.7,200,92,3.2,19,386.2,0.1,0.2,0,1806,2177,0.03,0.2,0.6,3,87
426,DR044,"Daun kubis, segar",KZGMI-2001,86.2,51,2.5,1.1,8,3.4,2.2,100,50,3.4,50,100,0.9,0.6,,9999,,0.4,0.1,0.2,16,75
428,DR046,"Daun labu siam, segar",DABM-1964,89.7,34,4,0.4,4.7,3.5,1.2,58,70,2.5,16,630.7,0.2,0.3,,4773,2025,0.08,0.4,1.7,16,100
429,DR047,"Daun labu waluh/kuning, segar",DABM-1964,89.7,34,3.6,0.6,4.5,2.9,1.6,138,99,3.7,16,630.7,0.2,0.3,,1258,2750,0.14,0.2,1.3,36,70
430,DR048,"Daun lamtoro, segar",KZGPI-1990,74,87,8.3,1.8,14.4,3.3,1.5,725,174,3.9,10,197.7,0.5,1.4,0,6900,13040,0,0.1,2.3,32,40
432,DR050,"Daun leunca, segar",DABM-1964,85,49,4.7,0.5,8.1,,1.7,210,80,6.1,,,,,,,1900,0.14,,,40,70
433,DR051,"Daun lobak, segar",DKBM-1964,90,30,2.3,0.4,5.8,3.2,1.4,140,33,3.7,16,747.4,0.2,0.2,,5039,1000,0.07,1.1,6.5,109,70
437,DR055,"Daun melinjo, segar",DABM-1964,70.8,104,5,1.3,21.3,10.3,1.6,219,82,4.2,12,604.8,0.4,0.6,,823,10000,0.09,,,182,88
438,DR056,"Daun mengkudu, segar",KZGPI-1990,80.9,65,4,1.7,11.4,3.9,2,296,40,6.9,,,,,0,2,4958,0.01,0.1,5.7,35,90
440,DR058,"Daun oyong, segar",DABM-1964,93,22,1,0.1,5.3,2,0.6,21,44,2,40,295.5,0.1,0.2,,855,1000,0.08,0.1,0.8,15,65
441,DR059,"Daun pakis, segar",KZGPI-1990,86.8,39,4.5,0.4,6.9,2,1.4,136,159,2.3,20,201.9,0.2,0.3,0,1625,3292,0.02,0.1,0.5,3,70
442,DR060,"Daun pakis longgiho, segar",KZGMI-2001,89.5,54,2.2,3.6,3.1,2.1,1.6,40,80,0.7,70,500,0.4,0.1,,168,,0.4,0.3,0.2,8,70
443,DR061,"Daun pakis wambateu, segar",KZGMI-2001,86.9,53,3.4,1.2,7.2,4.8,1.3,30,100,0.3,20,200,0.2,0.3,,191,,0.7,0.2,0.3,6,70
444,DR062,"Daun paku, segar",KZGMI-2001,88.8,29,3.4,0.1,6.5,4.3,1.2,13,88,1.3,19,434,0.5,0.7,,18,,0.2,0.1,11.7,10,70
445,DR063,"Daun pangi,segar",KZGMI-2001,76.1,104,3.9,0.6,17.9,8.3,1.5,256,22,1.8,4,266,1.7,0.5,,55,,0.4,0.1,0.1,23,90
446,DR064,"Daun pare, segar",KZGMI-2001,87.3,49,2.7,1,8.4,3,1.6,217,70,3.3,7,498,0.4,1.2,,1800,,0.4,0.2,0.6,7,
447,DR065,"Daun pepaya, segar",DABM-1964,75.4,87,8,2,11.9,1.5,2.7,353,63,0.8,4,926.6,0.2,1.5,,5409,18250,0.15,0.5,1.9,140,71
450,DR068,"Daun semanggi, segar",KZGPI-1990,84.7,45,4.4,0.5,8.5,1.9,1.9,98,90,7,64,520.7,0.5,0.3,0,64,3365,0.01,0.5,0.7,6,90
452,DR070,"Daun singkil, segar",KZGPI-1990,80.9,68,2,1,15.2,3.3,0.9,178,86,2.1,,,,,,,6042,0.02,,,3,70
453,DR071,"Daun singkong, segar",KZGPI-1990,84.4,50,6.2,1.1,7.1,2.4,1.2,166,99,1.3,17,23.1,0.1,2,0,3204,7052,0.04,0.1,1.8,10,87
454,DR072,"Daun singkong ambon, segar",DABM-1964,58,144,12.7,1.2,25.2,10.2,2.9,165,54,3.9,44,62.2,0.2,5.4,,8627,13000,0.21,1,4.2,22,87
455,DR073,"Daun singkong ampenan, segar",KZGMI-2001,84.4,50,6.2,1.1,71,2.4,1.2,352,123,2.7,49,570,0.2,1.3,,7917,,0.5,0.1,1.6,10,87
456,DR074,"Daun singkong kopang, segar",KZGMI-2001,81.1,74,6.3,0.7,10.7,4.6,1.2,142,115,1.7,32,382,0.2,1.5,,3882,,0.5,0.5,1.9,211,87
457,DR075,"Daun sintrong, segar",KZGPI-1990,88.5,36,2.6,0.9,6.1,1.7,1.9,398,95,9.3,64,444.4,0.1,0.4,0,10178,8868,0.03,0.2,0.9,3,94
458,DR076,"Daun talas, segar",KZGPI-1990,81.1,59,3,0.4,13.5,3,2,236,50,2.4,4,854.1,0.4,0.5,0,3816,5740,0.07,0.6,2,24,80
459,DR077,"Daun tespong, segar",DABM-1964,81,70,2.9,0.3,13.9,2.3,1.9,155,65,2.5,72,,0.15,0.9,,171,2500,0.05,0.7,1.4,21,60
460,DR078,"Daun ubi kuning, segar",KZGMI-2001,83.5,62,3.7,0.3,11.1,6.4,14,170,40,0.6,10,0,0.2,0.5,,3564,,0.3,0.3,1.2,4,75
461,DR079,"Daun ubi merah, segar",KZGPI-1990,84.4,48,3,0.3,10.8,1.4,1.5,80,81,6.4,33,517.3,0,0.4,0,5453,4697,0.1,0.2,1.2,27,75
462,DR080,"Daun ubi putih, segar",KZGMI-2001,87.5,46,2.8,0.2,8.2,4.8,1.3,120,50,0.8,10,0,0.2,0.5,,103,,0.3,0.3,0.9,8,75
463,DR081,"Daun ubi tinta, segar",KZGMI-2001,85.1,55,1.7,0.1,11.9,7.6,1.2,120,40,0.6,10,0,0.2,0.5,,516,,0.2,0,0,7,75
464,DR082,"Eceng, segar",DABM-1964,93,19,1,0.2,3.8,1.8,2,80,45,3.7,45,634.1,,,,7,1000,0.08,0.1,0.7,50,70
465,DR083,"Gambas (oyong), segar",DABM-1964,94.5,19,0.8,0.2,4.1,1.3,0.4,19,33,0.9,23,109.1,0,0.1,,17,380,0.03,0,0.4,8,85
466,DR084,"Genjer, segar",DABM-1964,90,35,1.7,0.2,7.7,2.5,0.4,62,33,2.1,64,905.8,,,,,3800,0.07,0.1,1.1,54,70
467,DR085,"Jagung muda / semi, segar",DABM-1964,89.5,35,2.2,0.1,7.4,1.9,0.8,7,100,0.5,353,230.2,0.1,0.8,0,23,200,0.08,0.16,0.9,8,100
468,DR086,Jamur encik,KZGMI-2001,24.8,296,9.4,1.1,62,,2.7,5,277,5.3,2,0,0.2,3.1,,,,1.1,0.1,,,95
469,DR087,"Jamur kuping, kering",DABM-1964,14.9,294,16,0.9,64.6,46.5,3.6,51,223,6.7,174,726.1,0.29,5.5,0,11,0,0.11,0.6,2.7,0,100
470,DR088,"Jamur kuping, segar",DABM-1964,93.7,21,3.8,0.6,0.9,5.1,1,3,94,1.7,17,33.4,0.19,0.1,0,1,0,0.1,0.09,0.1,5,100
471,DR089,"Jamur merang, segar",BKP,91.5,30,3.5,0.2,4,2.4,0.8,14,117,1,6,300,0.3,0.8,,0,0,0.02,0.2,0.5,0,100
472,DR090,"Jamur tiram, segar",BKP,92.5,30,1.9,0.1,5.5,3.6,0.6,9,83,0.7,22,226,0,0.8,,0,0,0.3,0.2,1,0,100
473,DR091,Jamur sagu,KZGMI-2001,91.3,48,1.9,3.2,2.8,1,0.8,10,90,0.6,100,440,0.6,0.6,,0,,0.2,0.2,6.5,,95
474,DR092,"Jantung pisang, segar",DABM-1964,90.2,32,1.2,0.3,7.1,3.2,1.2,30,50,0.1,3,524,0.09,0.3,0,201,170,0.05,0.03,0.8,10,25
475,DR093,"Jengkol, segar",KZGMI-2001,52.7,192,5.4,0.3,40.7,1.5,0.9,4,150,0.7,60,241,0.3,0.6,,,,0.05,0.2,0.5,31,95
476,DR094,"Jotang, segar",DABM-1964,89,34,1.9,0.3,7.1,3.5,1.7,162,41,4,59,388.5,0.3,1.2,,2,3918,0.03,,0.4,20,70
477,DR095,"Kabau, segar",KZGMI-2001,67.2,130,6.7,0.3,25.2,2.9,0.6,4,204,0.5,1,397.8,0.2,0.5,,165,,0.8,0.1,0.3,16,95
478,DR096,"Kacang mekah, polong, segar",KZGPI-1990,93.6,22,1.1,1,3.4,1.1,0.9,63,296,1,2,69.2,0.3,,0,197,116,0.02,,0.4,0,91
479,DR097,"Kacang panjang, segar",KZGMI-2001,91.8,31,2.3,0.1,5.3,2.7,0.5,60,64,0.6,30,213,0.1,0.5,0,125,,0.7,0.1,0.3,46,92
480,DR098,Kacang ranti polong,KZGPI-1990,88.5,37,3.1,0.2,7.9,2.5,0.3,103,126,0.8,,,,,,,2312,0.02,,,6,83
481,DR099,"Kalakai, segar",KZGMI-2001,89.9,38,2.4,0.2,6.6,5.8,0.9,18,90,1.1,7,443,0.4,0.9,,44,,0.3,0.1,,8,70
482,DR100,"Kangkung, segar",KZGPI-1990,91,28,3.4,0.7,3.9,2,1,67,54,2.3,65,250.1,0.13,0.4,,2868,5542,0.07,0.36,2,17,60
483,DR101,Kangkung tondano,KZGMI-2001,88.5,43,1.8,0.2,8.4,4.3,1.1,72,9,0.7,30,361,0.3,0.4,,2741,,0.8,0.1,1.1,23,60
484,DR102,"Kapri muda, segar",DABM-1964,86.8,45,3.3,0.2,9,1.8,0.7,51,85,1,2,118.4,0.09,0.7,,72,440,0.2,0.1,0.9,49,80
485,DR103,Karawila,KZGMI-2001,93.7,25,2.3,0.2,3.5,2.1,0.3,25,67,0.3,8,88.4,0.08,0.3,,21,,0.1,0.1,0.4,39,80
486,DR104,"Kecipir muda, segar",DABM-1964,90.4,32,2.9,0.2,5.8,5.5,0.7,63,37,0.3,3,103.8,0.18,0.4,,261,595,0.24,0.11,0.7,19,96
487,DR105,"Kecombrang, segar",KZGPI-1990,90,34,0.9,1,6.7,2.6,1.4,60,16,1,47,650.6,,,0,0,73,0,0.02,0.8,0,100
488,DR106,"Kelawi,kluwih, segar",DABM-1964,70,118,1.5,0.3,27.2,5,1,28,32,0.9,2,500.9,0.09,0.1,,0,20,0.1,0.03,0.9,19,77
489,DR107,"Kembang turi, segar",DABM-1964,87.4,51,1.8,0.6,9.6,5,0.6,23,29,0.9,22,275.3,0.15,0.9,,201,105,0.13,0.12,0.6,41,83
490,DR108,"Kerokot, segar",DABM-1964,93,26,1.7,0.4,3.8,1,1.1,103,39,3.6,4,240.5,0.23,0.9,,0,2550,0.03,0.09,0.2,25,80
491,DR109,"Ketimun, segar",KZGPI-1990,97.9,8,0.2,0.2,1.4,0.3,0.3,29,95,0.8,2,57.1,0.02,0.1,0,18,314,0.01,0.02,0.1,1,55
492,DR110,"Ketimun krai, segar",KZGPI-1990,96.8,10,0.5,0.2,2,0.6,0.5,20,98,1,10,82.1,0.03,0.1,0,19,21,0.02,0.03,0.1,3,82
493,DR111,"Ketimun madura, segar",KZGPI-1990,97.1,9,0.5,0.1,1.9,0.7,0.4,15,102,0.6,2,78.9,0.02,0.1,0,25,0,0.02,0.02,0.1,5,89
494,DR112,"Komak, segar",KZGMI-2001,74.3,99,3.3,0.1,21.2,10.3,1.1,50,99,13.1,15,567,0.2,"0,6",,5,,0.2,0.19,0.1,,80
495,DR113,Kool kembang,DABM-1964,91.7,25,2.4,0.2,4.9,1.6,0.8,22,72,1.1,47,187,0.04,0.3,,24,90,0.11,0.09,0.6,69,57
496,DR114,"Kool merah,kool putih",DABM-1964,92.4,29,1.4,0.2,5.3,1.9,0.9,46,31,0.5,28,236.8,0.29,0.3,,46,80,0.06,0.07,0.3,50,75
497,DR115,"Koro kerupuk, polong",DABM-1964,67.2,128,8.3,0.7,22.1,,1.7,17,12,2.7,,,,,,,80,0.11,,,31,68
498,DR116,"Koro wedus, polong",DABM-1964,88,46,3,0.3,7.9,3.3,0.8,56,47,1.1,2,24.3,0.09,0.4,,66,870,0.09,0.09,0.5,17,70
499,DR117,"Kucai, segar",DABM-1964,86.3,45,2.2,0.3,10.3,4.8,0.9,52,50,1.1,21,439.5,0.11,0.5,,2685,40,0.11,0.2,1.8,17,52
500,DR118,"Kucai muda (Lokio), segar",DABM-1964,86,42,3.8,0.6,7.8,4.9,1.8,76,91,2.5,22,449.1,0.11,0.5,,2744,500,0.11,0.2,1.8,59,100
501,DR119,Kulit melinjo,KZGPI-1990,71.9,111,4.5,1.1,20.7,5,1.8,117,179,2.6,,,,,0,,1267,0.07,,,7,100
502,DR120,"Kundur, segar",KZGMI-2001,94,22,0.4,0.2,4.7,1.3,0.7,3,54,0.5,2,200,0.1,0.3,,7,,0.1,0.03,0.4,1,57
503,DR121,"Labu air, segar",DABM-1964,95,19,0.6,0.2,3.8,0.6,0.4,12,18,0.6,2,168.2,0.03,0.8,,11,70,0.04,0.02,0.4,10,80
504,DR122,"Labu kuning, segar",KZGMI-2001,86.6,51,1.7,0.5,10,2.7,1.2,40,180,0.7,280,220,0.35,1.5,,1569,,0.2,0,0.1,2,74
505,DR123,"Labu siam, segar",DABM-1964,92.3,30,0.6,0.1,6.7,6.2,0.3,14,25,0.5,3,167.1,0.16,1,,48,20,0.2,0,0.6,18,83
506,DR124,"Labu waluh, segar",DABM-1964,91.2,32,1.1,0.1,6.6,0.5,1,45,64,1.4,1,356.2,0.13,0.3,,712,180,0.08,0.12,0.6,52,77
507,DR125,"Lantar, segar",KZGMI-2001,91.2,34,2.2,0.3,5.5,2.9,0.8,10,58,0.4,3,155,0.2,0.4,,38,,0.3,0.07,0.4,4,
508,DR126,"Lobak, segar",DABM-1964,94.1,21,0.9,0.1,4.2,2,0.7,35,26,0.6,49,109.3,0.03,0.2,,0,10,0.03,0.04,0.3,32,87
509,DR127,"Lumai/Leunca, segar",KZGMI-2001,90.5,38,1.1,0.3,7.6,2,0.5,7,55,1,2,,0.1,0.3,,25,,0.2,0.1,0.6,17,95
510,DR128,"Melinjo, segar",DABM-1964,80,66,5,0.7,13.3,,1,163,75,2.8,,,,,,,1000,0.1,,,10,60
511,DR129,Mostarda metan -sawi,KZGMI-2001,91.4,33,2.3,0.5,4.7,1.8,1.1,60,30,3.1,20,100,0.1,0.4,,1575,,0.2,0.1,0.1,12,85
512,DR130,"Nangka muda, segar",DABM-1964,85.4,57,2,0.4,11.3,8.3,0.9,45,29,0.5,1,246.5,0.04,0.1,,21,25,0.07,0.06,0.7,9,80
513,DR131,"Paria putih, segar",KZGPI-1990,94.4,19,1,0.4,3.6,1.3,0.6,31,65,0.9,5,277.7,0.03,0.8,0,197,80,0.18,0.04,0.4,58,80
514,DR132,"Pepare ular, segar",KZGMI-2001,95.1,19,0.6,0.1,3.9,1,0.3,20,10,0.4,130,30,0.1,0.1,,69,,0.1,0.1,0.1,9,97
515,DR133,"Pepaya muda, segar",DABM-1964,92.3,29,2.1,0.1,4.9,2.1,0.6,50,16,0.4,22,211.2,0.01,0,,0,50,0.02,0.03,0.3,19,65
516,DR134,"Petai, segar",KZGMI-2001,77.2,92,5.4,1.1,15.2,2,1.1,14,170,1.6,55,221,0.2,0.8,,114,,0.8,0.1,6.1,34,36
517,DR135,"Peterseli, segar",DABM-1964,83.9,53,3.7,1,9,0,2.4,193,84,4.3,18,1125.6,0.2,1.4,,2940,8230,0.11,0.29,0.7,19,95
518,DR136,"Pucuk lumai/daun leunca, segar",KZGMI-2001,91,33,4.5,0.4,2.8,,1.3,13,75,2.9,2,0,0.2,0.6,,,,0.5,0.1,,41,70
519,DR137,"Putri malu, segar",KZGMI-2001,80.2,76,3.6,0.3,14.6,7.1,1.3,119,84,3.3,1,631,0.6,1.4,,4762,,0.6,0.6,,6,
520,DR138,"Rebung, segar",KZGMI-2001,93.3,25,0.8,0.1,5.3,9.7,0.5,3,5,0.5,3,206,0.1,0.4,,10,,0.2,0.07,0.5,0,28
521,DR139,"Rimbang, segar",KZGMI-2001,80.8,75,1.6,0.6,15.8,10,1.2,55,97,0.6,20,234,0.4,0.4,,51,,0.4,0.1,1.3,38,95
522,DR140,Rumput laut,KZGMI-2001,87,41,1.4,0.3,8.1,2.2,3.2,80,20,1.6,250,380,0.2,0.4,,1958,,0.2,0,0.1,7,100
523,DR141,"Sawi, segar",DABM-1964,92.2,28,2.3,0.3,4,2.5,1.2,220,38,2.9,22,436.5,0.12,0.2,,2042,6460,0.09,0.23,0.7,102,87
524,DR142,"Sawi putih / pecai, segar",KZGPI-1990,96.6,9,1,0.1,1.7,0.8,0.6,56,42,1.1,5,193.1,0.05,0.1,0,862,832,0.05,0.18,0.4,3,79
525,DR143,"Sawi taiwan, segar",KZGMI-2001,91.8,30,1.9,0.5,4.4,2.7,1.4,100,58,1.6,27,217,0.1,0.7,,1340,,0.2,0.1,0.6,33,85
526,DR144,"Sawi tanah, segar",KZGMI-2001,94.9,19,1.3,0.2,2.9,2.2,1,92,45,1.2,17,145,0.1,0.4,,815,,0.2,0.1,0.1,36,85
527,DR145,"Selada, segar",DABM-1964,94.8,18,1.2,0.2,2.9,1.8,0.9,22,25,0.5,19,186.4,0.03,0.2,,1526,540,0.04,0.13,0.4,8,69
528,DR146,"Selada air, segar",KZGPI-1990,93.3,17,3.1,0.2,2.2,0.7,1.2,95,152,2.4,65,260.7,0.11,0.2,0,1230,3727,0.09,0.14,0.7,56,70
529,DR147,"Seledri, segar",DABM-1964,93,23,1,0.1,4.6,2,1.3,50,40,1,64,258.8,0.08,0.4,,63,130,0.03,0.07,0.4,11,63
530,DR148,"Taoge, segar",KZGPI-1990,90.4,34,3.7,1.2,4.3,1.1,0.4,166,74,0.8,19,93.3,0.16,0.4,,41,20,0.09,0.15,1.1,5,100
531,DR149,"Taoge kacang kedelai, segar",DABM-1964,81,76,9,2.6,6.4,0.7,1,50,65,1,5,212.4,0.26,0.7,,0,110,0.23,0.19,1.2,15,100
532,DR150,"Taoge kacang tunggak, segar",DABM-1964,88,40,5,0.2,5.8,2.6,1,57,88,1,2,226.8,0.07,0.5,,299,0,0.07,0.08,0.8,15,90
533,DR151,"Tebu terubuk (lilin), segar",DABM-1964,91,30,4.6,0.4,3,0.8,1,40,80,2,699,,0.2,1.1,,12,0,0.08,0.2,1.2,50,20
534,DR152,"Tekokak, segar",DABM-1964,89,34,2,0.1,7.9,4.9,1,50,30,2,3,333.3,0.12,0.2,,23,750,0.08,0.05,0.9,8,95
535,DR153,"Tekokak, kering",DABM-1964,12.3,302,8.3,1.7,72.6,21.2,8.1,370,180,22.2,9,0,1044,1,,187,750,0.4,0.17,5.1,0,100
536,DR154,"Terong, segar",DABM-1964,92.7,28,1.1,0.2,5.5,2.1,0.5,15,37,0.4,9,187,0.1,0.1,,46,30,0.04,0.03,0.5,5,100
537,DR155,"Terong asam, segar",KZGMI-2001,90.5,37,2,0.4,6.3,3.2,0.8,13,59,1.5,3,155,0.3,0.3,,97,,0.2,0.1,0.8,4,
538,DR156,"Terung belanda, segar",KZGPI-1990,87.3,52,2.1,1.1,8.6,1.4,1,16,40,1.1,,,,,0,,8048,0.43,0.06,0,12,100
539,DR157,"Terung bengkulu,segar",KZGPI-1990,86.6,52,1.1,0.4,11.2,3.2,0.8,19,39,1.1,14,,0.16,1,0,85,600,0.23,0.04,0,6,100
540,DR158,"Terong hintalo, segar",KZGMI-2001,89.2,45,1.9,0.8,7.5,5.1,0.6,19,268,1,167,142,0.6,0.2,,552,,0.2,0.4,,4,
541,DR159,Terung panjang,KZGPI-1990,91.8,25,2.1,0.1,5.3,0.5,0.7,38,24,0.7,9,53.7,0.09,0.2,0,83,24,0.15,0.06,0.7,8,100
542,DR160,"Tomat, air (sari), segar",DABM-1964,94,20,1,0.2,3.5,0.4,1.3,7,15,0.4,10,225.2,0.06,0.1,,266,600,0.05,0.03,0.7,10,100
543,DR161,"Tomat merah, segar",KZGPI-1990,92.9,24,1.3,0.5,4.7,1.5,0.6,8,77,0.6,10,164.9,0.14,0.2,,575,2083,0.06,0.07,0.4,34,100
544,DR162,"Tomat muda, segar",DABM-1964,93,24,2,0.7,3.3,1.8,2,5,27,0.5,10,210,0.07,0.2,,384,320,0.07,0.04,0.7,30,95
545,DR163,"Uceng/ bunga melinjo, segar",KZGPI-1990,79.5,82,5.8,1.3,11.7,4.8,1.7,70,266,2.4,,,,,,,58,0.11,0.15,,3,89
546,DR164,"Umbut kelapa, segar",KZGMI-2001,89.3,39,2,0.2,7.2,2.5,1.3,57,49,,4,447,0.2,1.4,,16,,0.1,0.1,,8,
547,DR165,Umbut rotan,KZGMI-2001,90.5,34,2.4,0.3,5.5,2.2,1.3,89,79,1.3,8,552,0.2,1.9,,14,,0.2,,,9,
548,DR166,"Wortel, segar",KZGPI-1990,89.9,36,1,0.6,7.9,1,0.6,45,74,1,70,245,0.06,0.3,,3784,7125,0.04,0.04,1,18,80
549,DP001,"Bayam, kukus",KZGPI-1990,90.7,30,1.3,0.7,5.8,1.2,1.6,239,35,5.7,15,431,0.1,0.3,0,2699,3750,0.02,0.1,0.9,32,100
550,DP002,"Bayam ,rebus",KZGPI-1990,93.5,23,1.2,0.6,3.7,1.1,1,150,35,0.5,16,308.4,0.2,0.3,0,3282,2864,0.02,0.1,0.9,19,100
551,DP003,"Buncis, rebus",KZGPI-1990,90.6,30,2.2,0.2,6.4,1.5,0.6,107,47,0.5,7,138.9,0.1,0.3,,1,402,0.01,0.29,2,8,100
552,DP004,"Daun kacang panjang, kukus",KZGPI-1990,87.2,40,3.7,0.3,8,1.8,0.8,111,66,3.7,6,419.5,0.2,0.3,0,2645,5781,0.15,0.2,0.9,11,100
553,DP005,"Daun katuk, rebus",KZGPI-1990,83.3,53,5.3,0.9,9.1,1.2,1.4,185,102,3.1,16,291.3,0.3,1.3,0,11131,9000,0,0.3,2.2,66,100
554,DP006,"Daun kelor, rebus",KZGPI-1990,80.3,61,6.1,0.9,10,0.9,2.6,255,36,2.1,45,181.2,0.1,0.6,,3972,6071,0.1,0.1,4,13,100
555,DP007,"Daun mengkudu, kukus",KZGPI-1990,81.6,63,3.8,1.5,11.5,2.4,1.6,300,43,6,,,,,,2,4900,0.08,0.1,5.2,11,100
556,DP008,"Daun singkong, rebus",KZGPI-1990,90.5,31,3.7,0.6,4.8,1.6,0.4,160,50,2.6,13,14,0.1,2,,3897,4150,0.02,0.1,1.7,34,100
557,DP009,"Daun talas, rebus",KZGPI-1990,91.6,27,1.3,0.2,5.9,1.6,1,119,41,1.4,3,519.4,0.5,0.5,0,4641,2682,0,0.6,1.9,7,100
558,DP010,"Daun ubi merah, kukus",KZGPI-1990,82.5,56,3.1,0.3,13,1.5,1.1,78,52,4.3,28,472.8,0.1,0.4,,5277,5397,0,0.2,1.1,14,100
559,DP011,"Kacang panjang,kukus",KZGPI-1990,88.2,39,3,0.6,7.6,1.7,0.6,100,91,1.2,28,199,0.11,0.5,0,131,205,0.02,0.1,0.3,20,100
560,DP012,"Kacang panjang, rebus",KZGPI-1990,90.9,30,2.3,0.4,5.8,1.4,0.6,71,68,0.8,24,114.5,0.1,0.4,0,128,162,0,0.07,0.2,15,100
561,DP013,"Kangkung, kukus",KZGPI-1990,90.4,30,3.2,0.7,4.7,1.8,1,70,49,4.4,45,184.9,0.1,0.3,0,2370,5837,0.03,0.28,1.4,11,100
562,DP014,"Kangkung, rebus",KZGPI-1990,93,22,2.5,0.6,3.1,1.2,0.8,50,51,3.5,31,98,0.1,0.3,0,2370,4325,0.01,0.22,1.2,13,100
563,DP015,"Paria putih, kukus",KZGPI-1990,95,16,0.8,0.2,3.4,1.2,0.6,16,33,0.5,4,236,0,0.7,,187,65,0.15,0.04,0.3,35,100
564,DP016,"Selada, rebus",KZGPI-1990,93.5,19,2.7,0.2,2.9,0.7,0.7,83,74,1.4,24,160.7,0.05,0.2,,2499,3700,0.08,0.2,0.6,27,100
565,DP017,"Taoge, goreng",KZGPI-1990,79.2,88,3.2,2.1,14,0.7,1.5,168,50,5.7,,,,,2,,613,0.05,,,0,100
566,DP018,"Taoge, seduh",KZGPI-1990,91.9,28,3,0.8,4,1,0.3,52,73,0.5,18,58.3,0.19,0.4,,46,18,0.1,0,0.9,2,87
567,DP019,"Terung panjang, kukus",KZGPI-1990,92.7,23,1.8,0.1,4.9,0.4,0.5,40,13,0.5,9,57,67.1,0.2,0,99,20,0,0.07,0.7,1,100
568,DP020,"Wortel, rebus",KZGPI-1990,92.1,28,0.7,0.5,6.3,0.8,0.4,46,28,0.6,41,117.3,0.1,0.2,0,3824,5396,0.01,0.03,0.7,12,100
569,DP021,"Wortel, kukus",KZGPI-1990,89.5,37,1,0.6,8.3,1.1,0.6,44,30,0.6,43,122.5,0.11,0.3,0,3994,7150,0.02,0.03,0.8,14,100
570,DP022,"Asinan Bogor, sayuran",KZGMS-1993,78,98,3.9,2.6,14.8,0.5,0.7,314,17,1.2,483,,,,10,,146,0.28,,,5,100
575,DP027,Botok lamtoro,KZGPI-1990,63.9,186,11.7,9.7,13,2.1,2.2,771,322,26,,,,,18,,179,0.27,,,2,100
576,DP028,Buntil daun talas,KZGPI-1990,74.5,141,4.4,10.2,8,1.8,3,149,121,14.5,,,,,13,,8610,0.25,,,1,100
577,DP029,Cammetutu,KZGMI-2001,79.6,102,3.2,6,8.7,4.3,2.5,41,93,0.5,443,518,0.3,0.7,,1123,,0.3,0.4,0.4,19,100
578,DP030,"Cap cai, sayur",KZGMS-1993,82.7,97,5.8,6.3,4.2,0.6,1,287,89,1.8,405,,,,45,,1640,0.21,,,1,100
579,DP031,Gado-gado,KZGPI-1990,68.5,137,6.1,3.2,21,1.1,1.5,301,135,7.5,,,,,3,,5929,0.1,,,1,100
580,DP032,"Gudeg, sayur",KZGPI-1990,69.2,160,3.3,9.2,16,2.3,2.1,62,55,12.8,,,,,0,,166,0.15,,,0,100
581,DP033,Gulai pakis,KZGPI-1990,76.1,143,4,11.4,6,1.4,2.6,548,124,1.7,,,,,11,,9802,0.35,,,1,100
582,DP034,Gulai pliek,KZGMI-2001,71.9,176,7.3,14.9,3.2,,2.7,39,54,1.4,257,285,0.3,0.6,,,,,,,,100
585,DP037,"Karedok, sayur",KZGPI-1990,79,92,2.2,3.3,14.1,1.4,1.4,174,85,2.4,,,,,0,,1,0.08,,,3,100
586,DP038,Keripik bayam,KZGPI-1990,2.3,586,4.9,40.6,50.2,0.5,1.9,236,117,3.6,,,,,0,,4544,0.16,,,0,100
592,DP044,Pelecing kangkung,KZGMI-2001,83.8,75,2.5,2.8,10,5.4,0.9,36,3,2.1,408,381,0.1,0.4,,870,,0.7,,0.2,12,100
594,DP046,Rujak cingur,KZGPI-1990,70.1,153,11.3,8.4,8,1.4,1.4,256,143,4.4,,,,,18,,2880,0.16,,,2,100
595,DP047,Sayur asem,KZGPI-1990,93.2,29,0.7,0.6,5,0.6,0.8,40,61,3.1,,,,,14,,2075,0.1,,,0,100
596,DP048,Sayur bunga pepaya,KZGMI-2001,83.4,49,1.7,0.3,9.8,2.7,2.1,220,220,1.3,90,350,0.1,0.1,,372,,,0.1,0,0,100
601,DP053,Sayur sop,KZGPI-1990,92.7,27,1.3,2,1,0.3,2.7,168,57,1.8,,,,,20,,2569,0.1,,,0,100
604,DP056,Shabu-shabu,KZGMS-1993,87.1,88,3.2,8,0.8,0.9,0.9,217,48,2.9,514,,,,82,,2000,0.2,,,0,100
605,DP057,Semur jengkol,KZGMS-1993,52.7,212,6,10,29.1,,2.2,77,99,1,,,,,,,81,0.14,,,4,100
607,DP059,Tumis bayam bersantan,KZGPI-1990,91.2,48,1.4,4.2,2.6,0.5,0.6,129,27,0.8,,,,,0,,2988,0.01,,,22,100
610,ER001,"Alpukat, segar",DABM-1964,84.3,85,0.9,6.5,7.7,,0.6,10,20,0.9,2,278,0.2,0.4,,189,180,0.05,0.08,1,13,61
611,ER002,"Anggur hutan, segar",KZGPI- 1990,92.3,30,0.5,0.2,6.8,1.2,0.2,39,12,1.1,,,,,0,,1,0.01,,,3,100
612,ER003,"Apel malang, segar",KZGPI- 1990,85.9,57,0.5,0.4,12.8,0.8,0.3,9,18,0.6,3.6,175.4,110.2,0,,26,2240,0.05,0.03,0.1,5,88
613,ER004,"Apel, segar",DABM-1964,84.1,58,0.3,0.4,14.9,2.6,0.3,6,10,0.3,2,130,124.2,0.3,,30,90,0.04,0.03,0.1,5,88
615,ER006,"Belimbing, segar",DABM-1964,90,36,0.4,0.4,8.8,3.2,0.4,4,12,1.1,4,130,,0.1,,29,170,0.03,,,35,86
621,ER012,"Buah Naga Merah, segar",BKP,85.7,71,1.7,3.1,9.1,3.2,0.4,13,14,0.4,10,128,0,0.4,,0,0,0.5,0.3,0.5,1,66.5
622,ER013,"Buah Naga Putih, segar",BKP,86.6,56,0.8,1,10.9,3.2,0.6,13,27,0.5,7,231,0,0.4,,0,0,0.02,0.5,0.9,1,73.6
629,ER020,"Carica papaya, segar",KZGPI- 1990,93.4,24,1.9,0.2,3.7,1,0.9,51,33,1.8,,,,,0,0,1000,0.32,0.07,0,85,60
630,ER021,"Cempedak, segar",DABM-1964,67,116,3,0.4,28.6,3.4,1,20,30,1.5,25,243.7,,,,79,200,0,,0.5,15,30
631,ER022,"Duku, segar",DABM-1964,82,63,1,0.2,16.1,4.3,0.7,18,9,0.9,2,149,0.1,0.2,,0,0,0.05,0.15,1.5,9,64
632,ER023,"Durian, segar",DABM-1964,65,149,2.5,3,21.5,3.5,8,7,44,1.3,1,601,0.1,0.3,,146,175,0.1,0.19,136.5,53,22
639,ER030,"Jambu air, segar",DABM-1964,87,46,0.6,0.2,11.8,2.1,0.8,8,9,1.1,11,321.2,,0.1,,92,,0.02,0.38,4.6,5,90
640,ER031,Jambu biji,DABM-1964,86,64,0.9,0.3,12.2,2.4,0.6,14,28,1.1,10,52.8,0,0.3,,27,25,0.02,0.03,0.8,87,82
641,ER032,Jambu bj putih tdk brbj,KZGPI- 1990,82.8,61,0.9,0.3,15.4,4.5,0.6,31,41,0.2,20,103,0,0.5,,53,18,1.02,0.06,1.3,11,82
642,ER033,"Jambu bol, segar",KZGMI-2001,87.1,49,2.3,0.2,9.6,3.5,0.8,8,8,0.3,1,14,0,0,,92,,0.13,0.01,0.5,22,67
643,ER034,"Jambu monyet, segar",DABM-1964,82.6,49,0.7,0.6,15.8,1.2,0.3,4,13,0.5,12,107.8,,,,1604,25,0.02,0,2,19,90
644,ER035,"Jeruk bali, segar",DABM-1964,86.3,48,0.6,0.2,12.4,0.8,0.5,23,27,0.5,21,366.1,171.3,0.1,,33,20,0.04,0,0.4,43,62
645,ER036,"Jeruk banjar, segar",KZGMI-2001,84.5,61,0.8,0.2,14.1,5.4,0.4,9,13,0.2,3,79,0.1,0.1,,9,,0.12,0.03,0.3,31,72
646,ER037,Jeruk garut-keprok,DABM-1964,87.3,44,0.8,0.3,10.9,1.6,0.7,33,23,0.4,5,518.1,169.3,0.2,,0,420,0.07,0.03,0.2,31,71
647,ER038,"Jeruk Kalamansi, segar",BKP,90.2,39,0.3,0.3,8.9,2.3,0.4,42,85,0.5,3,82,0.3,0.1,,1,0.3,0.02,0.1,0,30,100
648,ER039,"Jeruk manis, segar",DABM-1964,87.2,45,0.9,0.2,11.2,1.4,0.5,33,23,0.4,4,472.1,160,0.2,,0,190,0.08,0.03,0.2,49,72
649,ER040,"Jeruk nipis, segar",KZGPI- 1990,88.9,44,0.5,0.2,10,0.4,0.4,18,22,0.2,3,108.9,0.1,0.1,,23,4,0.01,0.03,0.2,20,76
650,ER041,"Jeruk ragi, segar",KZGPI- 1990,87.6,49,0.7,0.2,11.1,0.5,0.4,36,67,0.7,4,457.3,155,0.2,,0,68,0.03,0.03,0.2,30,59
651,ER042,"Kawista, segar",KZGPI- 1990,71.8,120,3.5,2.5,20.8,4.6,1.4,190,230,1.6,9,1015.6,308.4,0.4,,99,,0.07,0.07,0.4,3,72
652,ER043,"Kedondong masak, segar",DABM-1964,88,46,1,0.1,10.3,2.6,0.6,15,22,2.8,2,216.2,0,0.1,,164,233,0.08,0.23,0.3,30,58
653,ER044,"Kedondong, segar",KZGMI-2001,87.8,47,0.5,0.2,10.4,2.7,0.6,7,58,0.8,2,0,,0.2,,167,,0.07,0.04,0.4,32,58
654,ER045,"Kelapa hutan, kering",KZGMI-2001,6,623,2,52.1,36.5,15.3,3.4,120,280,3.8,100,460,1.7,1.9,,,,,,0.2,,
655,ER046,"Kelapa muda, daging, segar",DABM-1964,83.3,68,1,0.9,14,0,0.8,7,30,1,17.9,564.6,0.1,0.3,0,0,,0.06,0.02,0.6,4,53
657,ER048,"Kesemek, segar",DABM-1964,78.2,78,0.8,0.4,20,0.6,0.6,6,26,0.3,0,34.5,0.1,0.1,,109,2710,0.05,0,0.1,11,97
662,ER053,"Lontar, segar",KZGPI- 1990,93,27,0.4,0.2,6,1.6,0.4,91,243,0.5,,,,,,,,0.03,,,,79
663,ER054,"Mangga, segar",KZGMI-2001,86.6,52,0.7,0,12.3,1.6,0.2,20,16,1,3,140,0.3,0,,316,,0.03,0.01,0.3,12,65
664,ER055,"Mangga benggala, segar",KZGMI-2001,84.4,63,2.4,0.4,12.4,5.8,0.4,9,13,0.2,3,79,0.1,0.1,,10,,0.18,0.01,0.4,43,65
665,ER056,"Mangga gedung, segar",DABM-1964,87.4,44,0.7,0.2,11.2,1.6,0.5,13,10,0.2,2,83.6,0,0.1,,113,16400,0.08,0.01,0.3,30,65
666,ER057,"Mangga golek, segar",DABM-1964,82.2,63,0.5,0.2,16.7,2.3,0.4,14,10,0.7,3,118.1,0.1,0.1,,160,3715,0.08,0.02,0.4,65,65
667,ER058,"Mangga harumanis, segar",DABM-1964,86.6,46,0.4,0.2,11.9,1.7,0.8,15,9,0.2,2,88.9,0,0.1,,120,1200,0.08,0.01,0.3,6,65
668,ER059,"Mangga indramayu, segar",DABM-1964,80.2,72,0.8,0.2,18.7,2.5,0.1,13,10,1.9,3,131.4,0.1,0.1,,178,2900,0.06,0.02,0.5,16,65
669,ER060,"Mangga kopek, segar",DABM-1964,84.5,56,0.4,0.2,14.6,2,0.3,16,10,1.7,2,102.9,0,0.1,,139,6520,0.03,0.01,0.4,27,65
670,ER061,"Mangga kwini, segar",KZGMI-2001,78.6,86,0.7,0.5,19.8,6.5,0.4,11,11,0.2,1,16,0.1,0.1,,932,,0.15,0.02,0.5,18,65
671,ER062,"Mangga manalagi, segar",KZGMI-2001,66.5,133,1,0.1,32.1,11.8,0.3,20,23,1,70,161,0,0,0,4,,0.07,0,0.6,61,65
672,ER063,"Mangga muda, segar",DABM-1964,83.7,59,0.5,0.4,15.1,,0.3,12,11,0.4,2,108.2,0.1,0.1,,146,85,0.06,0.02,0.4,2,73
673,ER064,"Manggis, segar",DABM-1964,83,63,0.6,0.6,15.6,1.5,0.2,8,12,0.8,10,61.9,0.1,0.1,,0,0,0.03,0.03,0.3,5,29
674,ER065,"Markisa, segar",KZGPI- 1990,64.7,144,3.5,1.2,29.8,11.4,0.8,27,203,1.4,37,453.8,0.1,0.1,0,969,691,0.02,0.17,2,10,48
675,ER066,"Matoa, segar",KZGMI-2001,76.5,90,1.2,0.1,21.1,0.5,1.1,20,40,0.6,10,190,0.3,0.6,,2,,0.18,0.09,0.5,54,40
676,ER067,"Melon, segar",BKP,90.8,37,0.6,0.4,7.8,1,0.5,12,14,0.4,27,167,0.3,0.1,,1,0,0.02,0.1,0,0,58.1
678,ER069,"Nanas palembang, segar",KZGMI-2001,85.5,58,0.7,0.2,13.3,1.6,0.3,29,15,0.6,7,117,0,0.1,,17,,0.26,0.03,0.2,11,53
679,ER070,"Nanas, segar",KZGPI- 1990,88.9,40,0.6,0.3,9.9,0.6,0.3,22,14,0.9,18,111,0,0.1,0,17,90,0.02,0.04,0.2,22,53
680,ER071,"Nangka masak pohon, segar",DABM-1964,70,106,1.2,0.3,27.6,3.7,2.7,20,19,0.9,2,407,246.6,1.4,,149,330,0.07,0.1,1,7,28
682,ER073,"Pepaya, segar",DABM-1964,86.7,46,0.5,0.1,12.2,1.6,0.6,23,12,1.7,4,221,0,0.3,,1038,365,0.04,0.06,0.4,78,75
683,ER074,"Pisang ambon, segar",KZGMI-2001,72.9,108,1,0.8,24.3,1.9,1,20,30,0.2,10,356.3,0.2,0.2,,37,,0.05,0.11,0.1,9,75
684,ER075,"Pisang angleng (pisang ampyang), segar",DABM-1964,80.3,68,1.3,0.2,17.2,0.8,1,10,26,0.6,23,215.7,0,0,,9,76,0.08,0.05,2.5,6,75
685,ER076,"Pisang ayam, segar",KZGMI-2001,71.2,120,1.1,0.2,26.8,4.1,0.7,20,61,0.4,6,392,0.1,0.3,,24,,0.1,0.02,1,26,75
686,ER077,"Pisang gapi, segar",KZGMI-2001,66.3,131,1.6,0.1,31.1,11.7,1,58,40,0.3,6,392,0.1,0.3,,13,,0.18,0.02,0.3,13,75
687,ER078,"Pisang goroho, segar",KZGMI-2001,69.4,119,1.5,0.2,27.9,4.6,1,2,30,0.2,36,359,0.1,0.3,,11,,0.15,0.02,1.1,10,75
688,ER079,"Pisang hijau, segar",KZGPI- 1990,68.9,121,1,0.1,28.9,0.4,1.1,9,37,0.9,31,529.4,0.3,0.6,,48,1000,0.13,0.06,0,13,72
689,ER080,"Pisang kayu, segar",KZGMI-2001,74.4,100,1.4,0.5,23.6,2.6,0.6,15,0,0.1,1,493,0.1,0.3,,3,,0.1,0,0.6,11,75
690,ER081,"Pisang kepok, segar",KZGMI-2001,71.9,109,0.8,0.5,26.3,5.7,1,10,30,0.5,10,300,0.1,0.2,,0,,0.1,0,0.1,9,75
691,ER082,"Pisang ketip, segar",KZGMI-2001,63.4,145,1.1,0.3,34.5,6.6,0.7,5,54,0.1,4,726,0.2,0.5,,3,,0.13,0.02,0.8,95,75
692,ER083,"Pisang kidang, segar",KZGPI- 1990,75.4,96,1,0.2,22.5,0.6,0.9,87,173,0.6,6,418.8,0.2,0.5,,38,58,0.04,0.1,0.9,2,70
693,ER084,"Pisang lampung, segar",DABM-1964,72.1,99,1.3,0.2,25.6,4.3,0.8,10,19,0.9,28,475,0.3,0.5,,43,618,0.07,0.12,1,4,75
694,ER085,"Pisang mas bali ampenan, segar",KZGMI-2001,76.8,92,1.4,0.2,21,3.7,0.5,7,29,1.2,32,272,0.2,0.4,,14,,0.09,0.03,0.6,11,75
695,ER086,"Pisang mas bali kopang, segar",KZGMI-2001,64.2,127,1.4,0.2,31.8,3.7,2.4,10,0,0.1,43,616,0.1,0.4,,21,,0.21,0.05,0.9,17,75
696,ER087,"Pisang mas, segar",DABM-1964,64.2,127,1.4,0.2,33.6,1.4,0.6,7,25,0.8,42,392,195.8,0.5,,17,79,0.09,0.08,4.5,2,85
697,ER088,"Pisang raja sereh, segar",KZGPI- 1990,69.3,108,1.3,0.3,28.2,0.7,1,16,38,0.1,31,522.6,0.3,0.6,,48,480,0.02,0.08,1.1,2,86
698,ER089,"Pisang raja, segar",DABM-1964,65.8,120,1.2,0.2,31.8,5.3,1,10,22,0.8,35,582.2,0.3,0.7,,53,950,0.06,0.14,1.2,10,70
699,ER090,"Pisang rotan, segar",KZGPI- 1990,76.1,98,1.3,1.2,20.5,1,0.9,17,51,1.1,24,406.9,0.2,0.5,,37,697,0.01,0.1,0.9,2,56
700,ER091,"Pisang talas, segar",KZGMI-2001,71,113,1.2,0.2,26.7,4.4,0.9,22,22,0.6,29,48,0.3,0.1,,159,,0.12,0.03,1,9,75
701,ER092,Pisang tujuh bulan,KZGMI-2001,75.9,94,0.6,0.2,22.5,3.7,0.8,50,20,0.2,0,4,0.1,0.4,0,72,,0.03,0.03,0.3,6,75
702,ER093,"Pisang ua, segar",KZGMI-2001,67.8,128,0.8,0.5,30.2,8.1,0.7,12,28,0.7,33,382,0.2,0.3,,5,,0.09,0.01,1.2,4,75
703,ER094,"Pisang uli, segar",KZGPI- 1990,61.8,134,1.1,0.5,35.5,1.4,1.1,31,53,0.9,39,650.3,0.3,0.7,,59,113,0.11,0.16,1.4,3,77
705,ER096,"Rambutan binjai, segar",KZGMI-2001,81,76,0.5,0.2,18,3.8,0.3,15,22,1.2,22,120,0.2,0.2,,0,,0.19,0.01,0.4,13,40
706,ER097,"Rambutan, segar",DABM-1964,80.5,69,0.9,0.1,18.1,0.8,0.4,16,16,0.5,16,104.2,0.2,0.1,,0,0,0,0.07,0.5,58,40
707,ER098,"Salak bali, segar",KZGPI- 1990,85.1,57,0.5,0.1,13.6,1.3,0.7,94,25,2.1,,,0.1,0.2,0,3,37,0,,,0,93
708,ER099,"Salak medan, segar",KZGMI-2001,78.1,55,0.4,0.2,12.8,3.2,8.5,6,46,0.5,39,113,0.2,0.3,0,4,,0.04,0.03,,58,93
709,ER100,"Salak pondoh, segar",KZGPI- 1990,77.9,87,0.8,0.4,20.1,0,0.8,38,31,3.9,,,0.1,0.2,0,,40,0,0.12,0.1,8,59
710,ER101,"Salak, segar",DABM-1964,78,77,0.4,,20.9,,0.7,28,18,4.2,,,0.1,0.2,,4,0,0.04,,,2,93
711,ER102,"Sawo duren, segar",KZGPI- 1990,87.3,64,1,3.1,8,0.8,0.6,18,45,0.8,13,111.4,0,0.1,0,0,0,0.01,0.02,0.1,1,64
712,ER103,"Sawo kecik, segar",KZGPI- 1990,73.8,111,0.9,2.3,21.6,1,1.4,20,185,0.7,28,117.8,0,0.1,0,119,12,0,0.04,1.5,19,83
713,ER104,"Sawo Manila, segar",DABM-1964,75.5,92,0.5,1.1,22.4,9.5,0.5,25,12,1,26,110.2,0,0.1,0,111,60,0.01,0.04,1.4,21,79
714,ER105,"Semangka, segar",DABM-1964,92.1,28,0.5,0.2,6.9,0.4,0.3,7,12,0.2,7,93.8,0,0.1,,315,590,0.05,0.05,0.3,6,46
715,ER106,"Sirsak, segar",DABM-1964,81.7,65,1,0.3,16.3,3.2,0.7,14,27,0.6,2,298.9,0.1,1,,8,10,0.07,0.08,0.7,20,68
717,ER108,"Srikaya, segar",KZGPI- 1990,83.4,63,1.1,0.5,13.9,2.1,1.1,127,30,2.7,,,,,0,,31,0.08,,,28,48
718,ER109,"Sukun muda, segar",KZGPI- 1990,69.4,119,1.4,0.2,28.1,1.4,1,24,44,1.4,24,414.4,0.1,0.1,,28,4896,0.17,0.17,3.7,52,84
719,ER110,"Sukun tua, segar",KZGPI- 1990,67.8,126,1.6,0.2,24.5,1.5,1,37,47,1.6,25,436,0.1,0.1,,30,2000,0.18,0.17,3.9,58,88
724,EP003,Getuk pisang,KZGPI- 1990,63.7,144,1.1,0.4,34.1,0.4,0.7,48,32,1,,,,,,,1240,0.55,,,0,100
726,EP005,Ledre pisang,KZGPI- 1990,3.6,405,4.8,5.1,84.9,0.4,1.6,59,124,2.6,,,,,,4,7330,0.41,,,0,100
727,EP006,Lempog durian,KZGPI- 1990,25.2,320,3.5,5.7,63.7,4.9,1.9,190,93,2.5,,,,,,,,0.05,0.04,,,100
730,EP009,Rujak aceh,KZGMI-2001,78.7,82,0.4,0.3,19.7,2.4,0.9,,,,,,,,,10,,0.22,0.03,,42,100
731,EP010,Sale kesemek,KZGMI-2001,25,296,1.1,0.6,71.2,,1.8,,,,,,,,,,,,,,3,100
732,EP011,Sale pisang siam,KZGPI- 1990,28.9,281,2.4,0.7,66.1,1,2,41,64,1.2,,,,,,,272,0.1,,,0,100
733,EP012,"Sale pisang, cilacap",KZGPI- 1990,27.1,295,2.3,2.1,66.9,1.3,1.7,47,97,2.8,,,,,,,296,0.14,,,,100
741,FR005,"Ayam, daging, segar",DABM-1964,55.9,298,18.2,25,0,0,0.9,14,200,1.5,109,385.9,0.11,0.6,245,0,,0.08,0.14,10.4,0,58
742,FR006,"Ayam, dideh/darah, segar",,82,75,13.8,1.9,0.7,0,1.6,15,9,1.3,337,234,,,15,,,0.02,,0.6,0,100
743,FR007,"Ayam, hati, segar",KZGMS-1993,53.4,261,27.4,16.1,1.6,0,1.5,118,373,15.8,1068,22.9,0.84,0,4957,169,28000,0.64,4.38,4.11,0,100
748,FR012,"Bebek (itik), daging, segar",DABM-1964,5.3,321,16,28.6,0,0,1.1,15,188,1.8,54,199,0.21,1.2,273,0,,0.1,0.28,4.3,0,60
749,FR013,"Bebek alabio, daging, segar",KZGMI-2001,57,303,11.3,27,3.7,0,1,20,293,4.8,50,260,0.7,2,,0,,0.36,0.04,4.1,,100
752,FR016,"Domba, daging, gemuk, segar",DABM-1964,55.8,317,15.7,27.7,0,0,0.8,9,157,2.4,64,242.1,0.11,3.7,0,0,,0.14,0.23,6.5,0,100
753,FR017,"Domba, daging, kurus, segar",DABM-1964,66.3,202,17.1,14.8,0,0,1.8,10,191,2.6,90,355,0.08,2.8,0,0,,0.15,0.26,5.7,0,100
755,FR019,"Kambing, daging, segar",DABM-1964,70.3,149,16.6,9.2,0,0,3.9,11,124,1,96,268.7,0.31,4.9,0,0,,0.09,0.23,5,0,100
757,FR021,"Kerbau, daging, segar",DABM-1964,80,79,18.7,0.5,0,0,0.8,14,221,3.3,91,273,0.13,1.6,,,,0.06,0.17,5,0,100
759,FR023,"Sapi, babat, segar",DABM-1964,76.7,108,17.6,4.2,0,0,1.5,12,144,1,147,101.4,0.11,2.2,0,49,,0.15,0.17,1.7,0,100
760,FR024,"Sapi, daging, gemuk, segar",DABM-1964,60,273,17.5,22,0,0,0.5,10,150,2.6,93,267,0.17,6.4,12,0,,0.08,0.18,7.3,0,100
761,FR025,"Sapi, daging, kurus, segar",DABM-1964,69,174,19.6,10,0,0,1.4,11,181,2.9,83,489,0.07,4.9,6,181,,0.07,0.51,1.2,0,100
762,FR026,"Sapi, daging, lemak sedang, segar",DABM-1964,66,201,18.8,14,0,0,1.2,11,170,2.8,105,378,4.58,5.2,9,198,,0.08,0.56,1.3,0,100
771,FP001,"Ayam, ampela, goreng",KZGMS-1993,44.8,270,32.3,11.2,9.9,0,1.8,129,314,4.9,980,,0.12,3.3,56,,0,0.21,,4.72,0,100
772,FP002,"Ayam, usus, goreng",KZGPI-1990,4.6,473,45.2,26.3,13.9,0,10.1,1407,458,8.4,,,,,6,,224,0.57,,0,,100
773,FP003,"Bebek, daging, goreng",KZGMI-2001,48.8,300,24,20.7,4.5,0,2,170,170,4.1,34,6,0.4,3,,0,,0.1,0.4,10.6,,100
781,FP011,"Sapi, abon",KZGPI-1990,7.1,212,18,10.6,59.3,7.5,4.7,150,209,12.3,,,,,0,240,138,0.17,,,0,100
782,FP012,"Sapi, abon, asli",KZGPI-1990,24.8,358,14.6,16.1,38.6,2.5,5.8,165,136,14.6,,,,,3,194,144,0.13,,,0,100
783,FP013,"Sapi, daging, asap",DABM-1964,60,182,32,6,0,0,2,15,300,5,1620,485.4,0.03,5.1,6,,,0.12,0.23,5.9,0,100
784,FP014,"Sapi, daging, dendeng, mentah",DABM-1964,25,301,55,9,0,,11,30,370,5.1,,,,,0,,,0.1,,,0,100
785,FP015,"Sapi, daging, kornet",DABM-1964,53,289,16,25,0,0,6,10,170,4,794,94.4,0.07,4,0,52,,0.01,0.16,2.7,0,100
786,FP016,"Sapi, daging, sosis (Worst)",DABM-1964,37.6,448,14.5,42.3,2.3,,3.3,28,61,1.1,765,284.5,0.06,1.7,0,,,0.1,0.18,4.9,0,100
791,FP021,"Ayam goreng church texas, dada",KZGPI- 1990,42.2,338,35.2,20.6,0.4,0,1.5,79,221,5.6,800,369.5,0.16,1.1,16,,80,0.52,0.16,12.1,0,100
792,FP022,"Ayam goreng church,texas paha",KZGPI- 1990,50.3,287,31,15.7,1.7,0,1.3,99,176,4.1,723,257,0.17,1.5,22,,30,0.66,0.2,5.3,0,100
793,FP023,"Ayam goreng church texas, sayap",KZGPI- 1990,47.2,295,34,16,1.5,0,1.3,81,179,3,771,237.2,0.16,1.2,13,,50,0.44,0.13,6.2,0,100
794,FP024,"Ayam goreng kalasan, paha",KZGPI- 1990,46.2,275,37.4,12.2,1.3,0,2.9,116,237,5.8,176,321.9,0.16,1.5,10,0,50,0.1,,,0,100
795,FP025,"Ayam goreng kentucky, dada",KZGPI- 1990,46.5,298,34.2,16.8,0.1,0,2.5,90,284,5.5,741,342,0.07,1,36,,50,0.19,0,0,0,100
796,FP026,"Ayam goreng Kentucky, paha",KZGPI- 1990,48.7,286,32.1,16.1,1.1,0,2,89,248,6.9,746,265.2,0.09,2.3,31,,20,0.5,0.21,5.5,0,100
797,FP027,"Ayam goreng Kentucky,sayap",KZGPI- 1990,44.7,297,35.9,15.2,1.6,0,2.6,103,227,4.4,807,248.4,0.06,1.4,22,,70,0.73,0.14,6.5,0,100
798,FP028,Ayam goreng mbok berek dada,KZGPI- 1990,43.4,295,39.2,13.6,1,0,2.8,114,278,5.4,,,,,8,,50,0.19,,,0,100
799,FP029,"Ayam goreng pasundan, dada",KZGPI-1990,50.1,246,37.9,9,0.7,0,2.3,90,260,7.5,,,,,6,,70,0.16,,0,,100
800,FP030,"Ayam goreng pasundan, paha",KZGPI-1990,52.8,245,33.1,11.4,0.3,0,2.5,90,283,7.3,,,,,8,,40,0.37,,0,,100
801,FP031,"Ayam goreng pioneer, dada",KZGPI-1990,44.5,295,37.4,14.7,0.6,0,2.7,108,236,6.8,,,,,16,,80,0.1,,0,,100
802,FP032,"Ayam goreng sukabumi, dada",KZGPI-1990,49.8,244,36.7,9.2,1,0,3.4,81,154,6.1,,,,,20,,80,0.66,,0,,100
803,FP033,"Ayam goreng sukabumi, paha",KZGPI-1990,46,283,35.7,14.3,0.5,0,3.6,68,106,5.4,,,,,11,,60,0.36,,0,,100
804,FP034,"Ayam taliwang, masakan",KZGMI-2001,57.5,264,18.2,20.1,2.7,,1.5,94,164,2,507,408,0.4,12.3,1067,,,,,,,100
806,FP036,Beef burger,KZGMS-1993,45.5,258,10.6,9.5,32.5,0.4,2.2,210,157,2.6,572,189.1,,,218,,7580,0.95,,,0,100
807,FP037,"Beef teriyaki, masakan",KZGMS-1993,65.1,151,8.6,3.1,22.3,0.3,0.9,142,62,2.3,377,,,,22,,400,0.53,,,0,100
808,FP038,"Beef yakiniku, masakan",KZGMS-1993,67.7,132,9.8,1.1,20.7,0.3,0.8,302,67,2,409,,,,78,,700,0.62,,,0,100
810,FP040,"Bulgogi, masakan",KZGMS-1993,84.2,72,11.4,4.9,1.4,1.7,0.7,214,86,2.5,509,,,,17,,,1.08,,,0,100
811,FP041,"Chicken teriyaki, masakan",KZGMS-1993,68.2,168,13,9.6,7.5,0.8,1.7,137,106,3.1,959,,,,68,,2200,0.65,,,0,100
813,FP043,"Coto mangkasara, kuda, masakan",,83.5,96,6.8,5.9,3.8,,0.9,11,106,2.3,96,31,0.1,1,,,,0.23,0.14,4.2,1,100
814,FP044,"Coto mangkasara, sapi, masakan",KZGMI-2001,85.9,84,6,6,1.4,,0.7,8,104,4,90,25,0.3,0.6,,,,0.16,0.14,10.3,,100
816,FP046,"Empal (daging) Goreng, masakan",KZGMS-1993,43.9,248,36.2,6.9,10.1,,2,131,235,6.4,848,,,,112,,620,0.55,,,0,100
817,FP047,Gulai kambing,KZGMI-2001,78.4,126,4.2,9.4,6.2,,1.8,45,73,1.3,302,138,0.2,1.1,151,,,0.13,0.01,,,100
819,FP049,"Kalio ayam, masakan",KZGMS-1993,64.7,203,16,13.5,4.4,,1.4,278,177,4.2,534,,,,105,,3780,0.35,,,0,100
821,FP051,"Kalio kikil (tunjang), masakan",KZGMS-1993,75.3,122,13.8,5.7,3.9,,1.3,154,59,3.4,519,,,,36,,1440,0.38,,,0,100
831,FP061,"Rawon, masakan",KZGPI-1990,86,60,5.4,2.5,4,,2.1,272,153,3.3,,,,,10,,1235,0.09,,,0,100
832,FP062,"Rendang sapi, masakan",KZGPI-1990,57.9,193,22.6,7.9,7.8,0,3.8,474,211,14.9,,,,,21,,534,0.12,,0,,100
838,FP068,"Sop buntut, masakan",KZGMS-1993,86.1,71,7.5,3.6,2.2,,0.6,286,38,3.2,490,,,,119,,2900,0.14,,,0,100
839,FP069,"Sop daging sapi, masakan",KZGMS-1993,87.5,49,5.8,0.5,5.3,,0.9,158,48,2.2,391,,,,101,,3320,0.37,,,0,100
840,FP070,"Sop kaki sapi, masakan",KZGMS-1993,84.5,68,9,1.9,3.7,,0.9,302,15,2.2,435,,,,48,,150,0.46,,,0,100
841,FP071,"Sop kambing, masakan",KZGMS-1993,91.6,34,5.5,0.8,1.1,,1,145,37,1.6,348,,,,48,,80,0.57,,,0,100
842,FP072,"Sop konro, masakan",KZGMI-2001,85,71,7.4,2.6,4.5,,0.5,17,60,4.6,184,25,0.3,1.3,,,,0.12,0.02,10.9,0,100
843,FP073,"Sop saudara, masakan",KZGMI-2001,82.4,89,7.2,5,3.9,,1.5,10,174,9,274,50,0.2,1.1,,,,0.09,0.12,2,0,100
844,FP074,"Soto bandung, masakan",KZGPI-1990,89.9,42,3.9,1.7,2.8,0.4,1.8,74,75,1.8,,,,,6,20,0,,,0,0,100
845,FP075,"Soto banjar, masakan",KZGMI-2001,83.7,110,2.9,9.5,3.2,,0.7,28,28,0.3,36,6,0,0.2,12,,770,0.05,,,0,100
846,FP076,"Soto betawi, masakan",KZGPI-1990,75.9,135,2.5,8.8,11.5,0.5,1.3,222,72,1.9,,,,,6,,336,0.04,,0,0,100
847,FP077,"Soto jeroan, masakan",KZGMS-,81.4,92,11.8,4.3,1.4,,1.1,218,48,1.9,363,,,,85,,440,0.36,,,0,100
848,FP078,"Soto kudus, masakan",KZGPI-1990,91.6,38,2.6,2.3,1.8,0.2,1.7,237,67,1.7,,,,,23,,128,0.06,,0.5,0,100
849,FP079,"Soto madura, masakan",KZGPI-1990,89.8,60,3.5,4.5,1.3,0,0.9,361,126,3.8,,,,,26,,121,0.06,,0,0,100
850,FP080,"Soto padang, masakan",KZGPI-1990,75,127,5.9,6.6,11,0.7,2,298,94,1.5,,,,,12,,204,0.22,,0,0,100
851,FP081,"Soto pekalongan, masakan",KZGPI-1990,83.8,94,3,6.8,5.1,0.3,1.3,322,79,2,,,,,14,,119,0.29,,0,0,100
852,FP082,"Soto pemalang, masakan",KZGPI-1990,86,75,3.6,5.2,3.5,0,1.7,170,80,2.1,,,,,16,,30,0.13,,0,0,100
853,FP083,"Soto sukaraja, masakan",KZGPI-1990,75.9,80,3.2,3.5,9,0.3,1.1,347,77,2.3,,,,,12,,89,0.04,,0,0,100
854,FP084,"Soto sulung, masakan",KZGPI-1990,88.1,86,2.3,8.5,0,0,1.1,200,120,2.9,,,,,20,,105,0.08,,0,0,100
855,FP085,"Sukiyaki, masakan",KZGMS-1993,81,75,5.6,0.4,12.2,0.2,0.8,109,59,0.5,426,,,,41,,1200,0.37,,,0,100
860,GR024,"Ikan ekor kuning, segar",KZGMI-2001,74.1,108,22.3,1.2,2.1,0,0.3,30,220,0.5,50,230,0.1,0.6,40,29,,0,0.1,0.2,,
861,GR025,"Ikan gabus, segar",KZGMI-2001,79.6,80,16.2,0.5,2.6,0,1.1,170,139,0.1,65,254,0.3,0.4,335,,,0.4,0.2,0.1,,
866,GR030,"Ikan kakap, segar",DABM- 1964,77,92,20,0.7,0,0,2.3,20,200,1,,,,,9,,,0.05,,,0,
869,GR033,"Ikan kamera (kakap merah), segar",KZGMI-2001,78.5,86,19.7,0.8,0,0,1.3,50,170,0.3,90,290,0.3,0.1,26,,,,0.08,0.1,,
874,GR038,"Ikan lais, segar",KZGPI- 1990,65,161,11.9,11.5,2.4,0,9.2,70,237,0,,,,,0,,0,0.05,,,0,62
875,GR039,"Ikan layang, segar",DABM- 1964,74,109,22,1.7,0,0,2.3,50,150,2,,,,,45,0,,0.05,,,0,80
876,GR040,"Ikan layur, segar",KZGPI- 1990,80.1,82,18,1,0.4,0,0.5,48,229,2.2,,,,,4,,0,0.04,,,0,49
882,GR046,"Ikan mas, segar",DABM- 1964,80,86,16,2,0,0,2,20,150,2,65,276.7,0.1,1.1,45,8,,0.05,0.1,2.6,0,80
883,GR047,"Ikan mayong, segar",KZGPI- 1990,78.2,97,17.9,2,0.4,0,1.5,40,100,2.5,,,,,21,,0,0.1,,,0,89
884,GR048,"Ikan mujahir, segar",KZGPI- 1990,79.7,89,18.7,1,0,0,1.1,96,209,1.5,51,265.8,0,0.2,6,3,5,0.03,0.1,2,0,80
889,GR053,"Ikan patin, segar",KZGMI-2001,74.4,132,17,6.6,1.1,0,0.9,31,173,1.6,77,346,0.7,0.8,,7,,0.2,0.03,1.7,,
893,GR057,"Ikan sarden, segar",KZGMI-2001,72.7,109,19.9,1.8,3.4,0,2.2,95,597,1.3,266,227,0.3,2,195,0,,0.26,0.03,4.4,,
894,GR058,"Ikan selar, segar",DABM- 1964,75.4,100,18.8,2.2,0,0,3.6,40,179,0.5,43,392.6,0.1,0.3,45,0,,0.37,0.2,3.4,0,48
895,GR059,"Ikan sepat, segar",KZGMI-2001,78.8,84,15.2,0.6,4.7,0,0.8,68,171,2.1,211,198,0.7,0.6,,0,,0.16,0.03,1.9,,75
896,GR060,"Ikan sidat, segar",KZGPI- 1990,71.3,81,11.4,1.9,3.8,0,11.6,118,174,3,46,245.9,0,1.5,15,0,0,0,0.4,3.2,0,100
904,GR068,"Ikan teri, segar",KZGPI- 1990,80,74,10.3,1.4,4.1,0,4.2,972,253,3.9,554,126.1,305.2,0.2,13,0,28,0.24,0.1,1.9,0,100
906,GR070,"Ikan tongkol, segar",KZGMI-2001,74.7,100,13.7,1.5,8,0,2.1,92,606,1.7,202,227,0.2,1.6,181,0,,0.35,0.03,6.6,,100
908,GR072,"Keong, segar",DABM- 1964,81,64,12,1,2,0,4,217,78,1.7,231,,0.37,0.1,0,244,,,,,,46
909,GR073,"Kepiting, segar",DABM- 1964,68.1,151,13.8,3.8,14.1,0,0.2,210,250,1.1,,,,,61,,,0.05,,,0,45
910,GR074,"Kerang, segar",KZGPI- 1990,78.2,101,14.4,2.6,3.9,0,0.9,321,270,15.6,,,,,0,,0,0.01,,,0,100
915,GR079,"Rajungan, segar",KZGMI-2001,80.2,76,12.1,2,2.4,0,2.7,721,214,2.2,69,192,1.7,2.9,599,40,,0.2,0.25,0.2,,
916,GR080,"Rebon, udang kecil, segar",DABM- 1964,79,81,16.2,1.2,0.7,0,2.9,757,292,2.2,169,202.9,0.7,1.2,18,0,,0.04,0.1,2.4,0,100
918,GR082,"Udang galah, segar",KZGMI-2001,79,81,16.5,0.3,3,0,1.2,87,167,0.7,95,132,0.7,1.2,,3,,0.24,0.03,2.9,,68
919,GR083,"Udang, besar, segar",KZGMI-2001,85.5,56,11.4,0.6,1.2,0,1.3,30,20,0.3,190,210,0.4,0.8,,0,,0.14,0,0.1,,68
920,GR084,"Udang, segar",DABM- 1964,75,91,21,0.2,0.1,0,3.7,136,170,8,178,222.4,0.3,1.3,18,4,,0.01,0.4,3.7,0,68
922,GP002,"Belut, goreng",KZGPI- 1990,11.2,417,25.9,19.4,32,0,11.5,840,872,4.9,71,217.7,0.3,1.8,0,,0,0,0.2,10.5,0,
923,GP003,"Cumi-cumi, goreng",KZGPI- 1990,54.2,265,40.6,10.1,0,0,3.1,62,270,2.7,86,81.9,,,0,56,0,0.09,0,6.3,0,
924,GP004,"Ikan asin, kering",DABM- 1964,40,193,42,1.5,0,0,16.5,200,300,0,,,,,,,,0.01,,,0,70
925,GP005,"Ikan bandeng presto, masakan",KZGPI- 1990,45.3,296,17.1,20.3,11.3,0,6,1422,659,1.9,,,,,6,0,400,0.14,,,69,100
926,GP006,Ikan baung bakar,KZGMI-2001,69.8,144,17.8,5.8,5.2,,1.4,18,169,0,168,236,0.1,0.7,,,,0,0,1.3,,
927,GP007,Ikan Belida bakar,KZGMI-2001,68.2,128,18,3,7.2,0,3.6,58,134,0,293,198,0.1,0.4,,0,,1.8,0.17,1.5,,
928,GP008,"Ikan cakalang asap, mentah",KZGMI-2001,56.9,204,34.2,5.6,1.9,,1.4,14,399,1.3,176,588,0.3,0.7,1546,,,0.53,0.07,,,70
929,GP009,"Ikan cakalang asin, mentah",KZGPI- 1990,41.7,198,36.5,2.2,5.5,0,14.1,236,346,3.7,4304,302.1,,,0,,0,0.06,,,0,70
930,GP010,"Ikan calo/ peda, mentah",KZGPI- 1990,71.3,81,11.4,1.9,3.8,0,11.6,743,174,22.6,,,,,15,,0,0,,,0,100
931,GP011,"Ikan Gabus asap, mentah",KZGMI-2001,26.4,261,38.1,2.3,21.9,0,11.3,2510,1840,2.9,320,410,0.4,0.8,114,,,0.1,0.1,14.5,,80
932,GP012,"Ikan Gabus, kering",DABM- 1964,24,268,58,4,0,0,14,15,100,0.1,,,,,30,,,0.1,,,0,80
933,GP013,"Ikan gete, goreng",KZGMI-2001,44.7,267,23.1,19.4,0.2,,12.6,2340,1240,0.8,590,440,0.1,1.9,,,,,,0.2,,
934,GP014,"Ikan hiu, kering",KZGMI-2001,23.1,298,46.3,3.6,20.2,,6.8,335,846,2.5,957,1457,0.5,2,661,,,0.84,0.11,22.5,,
935,GP015,"Ikan katombo, asin",KZGPI- 1990,44.7,162,31.7,2.8,0.3,0,15.5,279,609,4.6,4393,342.2,2.8,,0,,0,0.09,,,0,70
936,GP016,"Ikan kayu, kering",KZGMI-2001,23.1,302,70.7,1.9,0.4,0,3.9,313,22,4.1,345,1045,,1.8,,,,1.4,0.04,20,,
937,GP017,Ikan Lais bakar,KZGMI-2001,69.4,147,17.5,6.5,5.4,,1.2,54,194,0.1,142,209,,0.5,,,,,,,,
938,GP018,"Ikan lomak asin, mentah",KZGMI-2001,21.6,258,40.3,2.3,18.9,0,16.9,140,279,2.3,6227,485.1,2.3,,,,,0.1,0.3,6,,
939,GP019,Ikan Mas pepes,KZGPI- 1990,57.5,209,15.2,11.3,11.8,0.5,4.3,686,530,6.1,74,276.7,0.1,1.9,3,,315,0.13,0.1,2.4,0,100
940,GP020,Ikan mujahir goreng,KZGPI- 1990,44.7,416,46.9,23.9,0,0,2.2,346,654,0.9,54,278.9,0,0.2,12,3,8,0.12,0.1,2.2,0,100
941,GP021,Ikan Mujahir pepes,KZGPI- 1990,73.7,121,21.7,2.8,0.8,0,1,83,248,1.6,58,265.8,0,0.3,8,,6,0,0.1,1.9,0,100
942,GP022,"Ikan mujahir, dendeng, mentah",,15.2,582,68.3,15.2,37.2,0,14.1,3258,1699,4.3,,,,,15,,20,0.27,,,0,100
943,GP023,"Ikan Papuyu, bakar",KZGMI-2001,66.6,152,17.6,6.1,6.7,0,3,244,227,3.4,320,224,0.2,1,,,,,,,,
944,GP024,"Ikan Patin, bakar",KZGMI-2001,70.3,144,17.5,6.3,4.3,,1.6,191,232,1.4,379,230,0.1,0.7,,,,,,,,
945,GP025,"Ikan peda banjar, mentah",DABM- 1964,46,156,28,4,2,0,20,174,316,3.1,59,368.8,0,0.5,33,4,,0.1,0.1,4.7,,90
946,GP026,"Ikan pepetek, mentah",DABM-60/64,"33,0",176,"32,0","4,4","2,0","0,0","28,6",120,200,"1,0",79,"1,0",,,15,,,0.05,0.1,"2,4",0,
947,GP027,"Ikan Pindang banjar, mentah",DABM-60/64,59,157,28,4.2,1.8,0,7,50,100,1,,,,,45,,,0.1,,2.4,0,
948,GP028,"Ikan Pindang benggol, mentah",DABM-60/64,57,170,31,4.2,0,0,7.8,50,100,1,,,,,45,,,0.1,,,0,
949,GP029,"Ikan Pindang layang, mentah",DABM-60/64,60,153,30,2.8,0,0,7.2,60,200,3,,,,,61,,,0.07,,,0,
950,GP030,"Ikan Pindang selar, mentah",DABM-60/64,60,142,27,3,0,0,10,60,200,3,,,,,61,,,0.07,,,0,
951,GP031,"Ikan sale, mentah",BKP,8.5,534,40.2,39.3,4.9,2,7.1,199,1244,2.7,673,673,0.3,2.6,,410,0,0.02,0.5,0,0,100
952,GP032,"Ikan sale lais, mentah",KZGPI- 1990,12.4,415,61.3,17.6,2.9,0,5.8,258,919,7,381,488,17.6,1,0,,0,0.03,0.1,17.3,0,
953,GP033,"Ikan saluang, kering, mentah",KZGMI-2001,33.6,284,34.1,9.9,14.6,0,7.8,1426,1103,9.5,1767,263,1.3,18.7,,,,0.49,0.03,,,
954,GP034,"Ikan sanggang, masakan",KZGMI-2001,42.6,240,21.7,7.7,20.7,,7.3,159,362,9.8,2041,159,1.5,8.8,,,,0.51,0.03,,,
955,GP035,"Ikan selar kuning, cue, mentah",DABM- 1964,59,138,27,3.3,0,0,0.7,50,100,2,,,,,45,,,0.1,,,0,90
956,GP036,"Ikan selar, kering, mentah",DABM-60/64,43,194,38,3.5,0,0,15.5,20,200,1,,,,,0,0,,0.01,,,0,
957,GP037,"Ikan sepat, kering, mentah",DABM-60/64,30,289,38,14,0,0,18,40,100,0.7,,,,,0,0,,0,,,0,
958,GP038,"Ikan sunu, asin, mentah",,34.7,199,34.1,3.8,7.1,,20.3,94,92,2.2,377,57,0.1,3.2,2481,,,1.5,0.13,7.2,,
959,GP039,"Ikan, tepung, mentah",KZGPI- 1990,4.3,316,60,6.5,22.4,0,6.7,3196,1976,16.6,,,,,320,0,0,0,,,0,
960,GP040,"Ikan Teri nasi, kering, mentah",DABM-60/64,34.5,144,32.5,0.6,0,0,32.4,1000,1000,3,312,,,,61,,,0.1,,,0,
961,GP041,"Ikan Teri, bubuk, mentah",DABM-60/64,15,277,60,2.3,1.8,0,20.9,1209,1225,3,,,,,90,,,0.1,,,0,
962,GP042,"Ikan teri, kering, mentah",DABM-60/64,37.8,170,33.4,3,0.8,0,25.8,1200,1500,3.6,,,,,64,,,0.15,,,0,
963,GP043,"Ikan Teri, kering, tawar, mentah",DABM-60/64,16.7,331,68.7,4.2,0,0,10.4,2381,1500,23.4,,,,,61,,,0.1,,,0,
964,GP044,"Ikan Teri, tepung, mentah",KZGPI- 1990,5.2,347,48.8,6.4,19.6,0,20,4608,1200,18.6,,,,,61,0,130,1.12,,,0,
965,GP045,"Kerang, asap, mentah",KZGMI-2001,9.3,393,38.9,13.3,29.4,,9.1,420,410,8.5,160,50,0.6,3.7,,,,0.3,1.7,0.2,,100
966,GP046,"Kerang, dendeng, mentah",KZGPI- 1990,18.3,357,41.1,10,25.6,0,5,217,904,5.2,,,,,0,,329,0.27,,,0,100
967,GP047,"Rebon, kering, mentah",DABM-60/64,21.6,299,59.4,3.6,3.2,0,12.2,2306,625,21.4,,,,,0,0,,0.06,,,0,
968,GP048,"Rebung laut, mentah",KZGMI-2001,18.2,320,7.2,4.2,63.3,,7.1,240,570,6.6,20,1040,1.5,6.2,917,,,0,0,4.9,,
969,GP049,Sardines dalam kaleng,DABM-60/64,47.1,338,21.1,27,1,0,3.8,354,434,3.5,,,,,76,0,,0.1,,,0,
971,GP051,"Udang kering, mentah",KZGMI-2001,14.9,278,62.6,4.1,2.2,,16.2,760,510,5.2,540,360,2.4,3.2,39,,,,,0.1,,
972,GP052,"Udang papay, mentah",KZGMI-2001,24.5,273,47.8,3.8,12.5,,11.5,1109,789,2.4,651,802,2.6,10.8,,,,,,,,
973,GP053,Abon haruwan,KZGMI-2001,11.6,513,23.7,37,21.3,,6.4,25,25,0.5,61,15,0,0.2,,,,,,,,100
974,GP054,Abon ikan,KZGMI-2001,6.4,435,27.2,20.2,36.1,,10.1,,,,,,,,,,,,0.8,24.3,,100
978,GP058,Cakalang asar (asap),KZGMI-2001,64.3,155,20.1,3.8,10.2,,1.6,20,240,2.1,90,390,0.3,0.1,86,,,,0.7,0.2,,
979,GP059,"Dendeng belut, goreng, masakan",KZGPI- 1990,8.2,382,55.7,14.1,8,0,14,1069,654,15.4,,,,,28,,1480,0.48,,,0,
980,GP060,"Dendeng mujahir, goreng, masakan",KZGPI- 1990,6.5,598,74.3,26.9,9.2,0,13.1,1957,1447,7.4,,,,,18,,25,0.19,,,0,
981,GP061,Fillet o-fish,KZGMS-1993,51,270,12.3,15.9,19.3,0.2,1.5,239,272,1.8,439,,,,34,,580,0.59,,,0,
982,GP062,"Gete kuah asam, masakan",KZGMI-2001,80.1,75,8.2,2,6,,3.8,1620,880,0.8,260,150,0.1,1.5,,,,,,0.1,,
983,GP063,"Gulai asam keueung, masakan",KZGMI-2001,86,52,10,0.5,1.8,,1.7,62,102,0.3,332,141,0,1,,,,0.18,0.34,,,
984,GP065,"Gulai ikan, masakan",KZGMS-1993,75.7,106,16.5,3.3,2.5,,2,306,196,4.8,743,,,,86,,2760,0.32,,,0,
985,GP064,"Gulai ikan paya, masakan",KZGMI-2001,72.1,148,10,9.8,5,,3.1,103,82,0.7,525,256,0.1,0.9,,,,0.26,0.02,,,
986,GP066,"Gulai keumamah, masakan",KGZMI-2001,81.4,110,5.9,8.2,3.2,,1.3,32,96,1,335,121,0.2,0.9,,,,0.33,0.04,,,100
987,GP067,"Gulai tiram, masakan",KZGMI-2001,73.1,132,9,7.2,7.8,,2.9,53,134,3.7,285,133,1.1,0.7,389,,,0.29,0.12,,,
988,GP068,"Gurame asem manis, masakan",KZGPI- 1990,63.1,192,12.7,10.1,12.7,0,2.4,283,169,1.1,,,,,19,,1440,0.1,,,0,
989,GP069,"Ikan asar merah, masakan",KZGMI-2001,69.2,146,17.7,5.9,5.6,,1.6,100,240,4,170,310,0.3,1.4,224,0,,,,,,
990,GP070,"Jambal goreng, masakan",KZGMS-1993,13.4,286,48.5,9.2,2.3,,26.6,207,457,3.3,,,,,109,,160,0.4,,3.1,0,
994,GP074,"Model, masakan",KZGMI-2001,83.9,79,2.2,4,8.6,,1.3,8,33,0.8,147,34,0.1,0.5,,,,0.16,0.02,,,
995,GP075,"Mujahir acar kuning, masakan",KZGPI- 1990,43.1,330,17.8,23.4,12.1,1.1,4.6,154,357,5.3,,,,,24,,4130,0.15,,,0,
996,GP076,"Parede baleh, masakan",KZGMI-2001,80,87,10.5,2.5,5.5,,1.5,35,215,0.9,416,59,0.1,0.2,,,,0.24,0,0.7,,
997,GP077,"Pempek adaan, masakan",KZGMI-2001,62.6,162,4.9,3,27.8,,1.7,26,116,1,488,119,0.1,0.2,,,,0.3,0.03,1,,
998,GP078,"Pempek belida, masakan",,61.4,156,4.2,1.4,31.6,0.2,1.4,100,55,3.3,,,,,0,,0,0.03,,,0,
999,GP079,"Pempek kapal selam, masakan",KZGMI-2001,63.4,152,4.5,2.3,28.2,,1.6,19,115,1.6,628,91,0.1,0.2,,,,0.2,0.03,1,,
1000,GP080,"Pempek kelesan, masakan",KZGPI- 1990,53,211,12.3,6.1,26.6,0.4,2,840,176,1.8,,,,,14,,888,0.25,,,0,
1001,GP081,"Pempek kulit, masakan",KZGMI-2001,45.7,243,5.2,7.3,39.1,,2.7,16,96,2,555,102,0.1,0.6,,,,0.2,0.02,0.9,,
1002,GP082,"Pempek telur, masakan",KZGMI-2001,62.4,156,4.7,2.7,28.3,,1.9,13,83,1.3,448,48,0.1,0.6,,,,0.2,0.05,1.1,,
1003,GP083,"Pempek tenggiri, masakan",KZGPI- 1990,56.3,173,7.2,1.2,33.4,0.2,1.9,164,80,3.1,,,,,0,,0,0.02,,,0,
1004,GP084,"Pencok lele, masakan",KZGPI- 1990,47.5,372,7.8,36.3,3.5,0,4.9,289,295,5.3,,,,,64,0,12070,0.12,,,0,
1006,GP086,"Pindang kenari, masakan",KZGMI-2001,80.1,124,9.5,9.6,0,,2.8,120,220,1.3,370,270,0.3,1.2,18,381,,,,0.1,,
1010,GP090,Sate Bandeng,BKP,47.1,283,12.1,16.8,20.9,2,3.1,118,186,1.2,543,199,0.2,0.9,,2,0,0.02,"0,02",0,0,82.4
1012,GP092,"Tekwan, masakan",KZGMI-2001,86.7,53,1.9,0.9,9.4,,1.1,9,41,1,174,42,0,0,99,,,0.1,0.02,0.4,,
1013,GP093,"Teri belado, masakan",KZGPI- 1990,25.8,365,23.7,22.3,17.5,0,10.9,869,348,4,,,,,27,,1567,0.13,,,0,
1014,GP094,"Tumis bandeng, masakan",KZGMI-2001,70.5,189,11.3,15.7,0.6,,1.9,56,129,0.4,314,280,0.1,0.7,579,,,0.46,0.02,,,
1016,HR001,"Telur ayam kampung, segar",KZGMI-2001,73.1,174,10.8,14,1.2,0,0.9,68,268,4.9,190,141,0.6,1.5,203,23,125,0.78,0.62,0.2,,87
1017,HR002,"Telur ayam ras, segar",KZGPI-1990,74.3,154,12.4,10.8,0.7,0,0.8,86,258,3,142,118.5,0.16,1,61,22,104,0.12,0.38,0.2,0,89
1018,HR003,"Telur ayam ras, bagian kuning, segar",DABM-1964,49.4,355,16.3,31.9,0.7,0,1.7,147,586,7.2,111,107.5,0.2,2.5,606,63,,0.27,0.51,0.1,0,100
1019,HR004,"Telur Ayam ras,bagian putih, segar",DABM-1964,87.8,50,10.8,0,0.8,0,0.6,6,17,0.2,164,138.5,0.03,0.4,0,0,,0,0.26,0.4,0,100
1020,HR005,"Telur bebek alabio, segar",KZGMI-2001,70,187,11.8,14.2,3,0,1,60,268,6,115,80,0.6,1.7,180,437,,1.55,0.37,0.1,,90
1021,HR006,"Telur bebek, bagian kuning, segar",DABM-1964,47,386,17,35,0.8,0,0.2,150,400,7,106,90.7,0.09,2.5,870,747,,0.6,0.68,1.4,0,100
1022,HR007,"Telur bebek, bagian putih, segar",DABM-1964,88,54,11,0,0.8,0,0.2,21,20,0.1,184,150.2,0.13,0.1,0,0,,0.01,0.02,0.1,0,100
1023,HR008,"Telur bebek tambak, segar",KZGMI-2001,67.7,187,10.9,12.4,7.9,0,1.1,64,295,5.4,209,146,0.4,1.8,378,471,375,1.62,0.03,0.1,,90
1026,HR011,"Telur burung puyuh, segar",FCTEA-1972,79.8,116,10.7,7,1.6,0,0.9,65,191,3.5,111,11,0.05,1.2,95,80,,0.13,0.65,0.1,0,100
1027,HP001,"Telur ayam, dadar, masakan",KZGPI-1990,61.9,251,16.3,19.4,1.4,0,1,62,250,2.5,,,,,36,,221,0.21,0,,0,100
1028,HP002,"Telur bebek, asin, mentah",DABM-60/64,66.5,179,13.6,13.3,4.4,0,2.2,120,157,1.8,483,140.1,,,253,13,,0.28,0.98,0.6,0,83
1029,HP003,"Telur bebek, dadar, masakan",KZGPI-1990,55.1,301,20,23.7,0,0,1.2,71,600,9.2,,,,,122,,613,0.35,,,0,100
1030,HP004,"Ikan, telur, asin, mentah",KZGMI-2001,37.8,358,20.7,26.4,9.4,0,5.7,48,311,15.1,2684,59,0.4,3,1866,0,,0.21,0.54,2.1,,100
1035,JR002,Susu ibu - ASI,FCTEA-1972,88.1,62,1.5,3.2,7,0,0.2,34,20,0.2,15,41,0.01,0.4,,7,,0.01,0.03,0.2,,100
1036,JR003,"Susu kambing, segar",DABM-1964,85.9,64,4.3,2.3,6.6,0,0.9,98,78,2.7,35,160,0.33,0.1,38,0,,0.06,0.45,0.3,1,100
1037,JR004,"Susu kerbau, segar",DABM-1964,73.8,160,6.3,12,7.1,,0.8,216,101,0.2,82,,,0.3,24,,,0.04,0.07,,1,100
1038,JR005,"Susu kuda, segar",FCTEA-1972,91,40,2,1.1,5.4,0,0.4,,,,,37.4,0,0,,1,,0,0.2,0.2,,100
1039,JR006,"Susu sapi, segar",DABM-1964,88.3,61,3.2,3.5,4.3,0,0.7,143,60,1.7,36,149,0.02,0.3,39,12,,0.03,0.18,0.2,1,100
1040,JP001,Es krim,DABM-1964,62.1,210,4,12.5,20.6,0,0.8,123,99,0.1,78,193.4,0,0.7,158,0,,0.04,0.23,0.1,1,100
1041,JP002,Hangop,DABM-1964,84,65,10,1,3.5,0,1.5,180,190,0.2,126,374.4,0,,,22,,0.03,0.43,0.2,,100
1042,JP003,Keju,DABM-1964,38.5,326,22.8,20.3,13.1,0,5.3,777,338,1.5,1410,82.7,0.03,3.1,227,128,,0.01,0.37,0.1,1,100
1043,JP004,Kwark (Quark),DABM-1964,59,242,19,17,3,0,2,300,350,0.5,37,72.7,0.01,0.2,173,0,,0.03,0.38,0,,100
1044,JP005,"Susu asam untuk bayi, bubuk",DABM-1964,2.5,418,19,9,65.5,0,4,800,600,7,188,486.5,0,0,303,83,,1,1.31,0.7,30,100
1045,JP006,Susu bubuk,DABM-1964,3.5,513,24.6,30,36.2,0,5.7,904,694,0.6,380,1330,0.02,4.1,476,118,,0.29,1.39,1.6,6,100
1046,JP007,Susu kental manis,DABM-1964,25,343,8.2,10,55,0,1.8,275,209,0.2,150,320,0.02,1,155,46,,0.05,0.43,0.4,1,100
1047,JP008,Susu kental tak manis,DABM-1964,73.7,138,7,7.9,9.9,,1.5,243,195,0.2,140,303,,,121,,,0.05,,0,1,100
1048,JP009,"Susu skim, bubuk",DABM-1964,3.5,359,35.6,1,52,0,7.9,1300,1030,0.6,470,1745,0.04,4.1,,10,,0.35,1.05,1.2,7,100
1049,JP010,"Susu skim, segar",DABM-1964,90.5,36,3.5,0.1,5.1,,0.8,123,97,0.1,38,,,,0,,,0.04,,,1,100
1050,JP011,"Yoghurt, segar",DABM-1964,88,52,3.3,2.5,4,0,2.2,120,90,0.1,40,299,0.01,0.6,22,10,,0.04,0.1,0.2,0,100
1051,KR001,"Kelapa setengah tua, daging, segar",DABM-1964,70,180,4,15,10,2.4,1,8,55,1.3,4,317.7,0.3,2.9,,0,10,0.1,0.01,0.1,4,53
1052,KR002,"Kelapa tua, daging, segar",DABM-1964,46.9,359,3.4,34.7,14,4.7,1,21,98,2,3,293.9,0.4,1.1,0,0,,0.1,0,0,2,53
1053,KR003,Lemak babi (lard),DABM-1964,0,902,0,100,0,0,0,0,0,0,0,0,9,0.1,0,0,,0,0,0,0,100
1054,KR004,Lemak babi (bacon),DABM-1964,20,626,9.1,65,1.1,0,4.8,13,108,0.8,0,0,0,0.9,0,0,,0.4,0,0,0,100
1055,KR005,Lemak ikan,KZGMI-2001,43.3,372,12,29.4,14.4,0,0.3,20,230,32.7,60,52,0.4,1.1,,,,0.5,0.13,,,100
1056,KR006,Lemak kerbau (lemak sapi),DABM-1964,5,818,1.5,90,0,0,3.5,0,0,0,29,25.8,0,0,0,283,,0,0,0.7,0,100
1057,KR007,"Minyak hiu, hati",DABM-1964,0,902,0,100,0,0,0,0,0,0,0,0,0,0,21212,0,,0,0,0,0,100
1058,KR008,Minyak ikan,DABM-1964,0,902,0,100,0,0,0,0,0,0,0,0,0,0,24242,0,,0,0,0,0,100
1059,KR009,Minyak kacang tanah,DABM-1964,0,902,0,100,0,0,0,0,0,0,0,0,0,0,0,0,,0,0,0,0,100
1060,KR010,Minyak kedelai,FCTEA-1972,0.1,883,0,99.9,0,0,0,0,0,0,0,0.1,0,0,0,0,,0,0,0,0,100
1061,KR011,Minyak kelapa,DABM-1964,0,870,1,98,0,0,1,0,0,0,0,0,0,0,0,0,,0,0,0,0,100
1062,KR012,Minyak kelapa sawit,DABM-1964,0,884,0,100,0,0,0,0,0,0,0,0,0,0,,18181,,0,0,0,0,100
1063,KR013,Minyak wijen,FCTEA-1972,0.1,881,0.2,99.7,0,0,0,10,5,0.1,2,20,0,0,0,0,,0,0.07,0.1,0,100
1064,KR014,Minyak zaitun,DABM- 1964,0,884,0,100,0,0,0,14,0,1.2,7,0,0,0,,0,,0,0,5,,100
1065,KP001,Margarin,DABM-1964,15.5,720,0.6,81,0.4,0,2.5,20,16,0,760,25.9,0,0,606,633,,0,0,0,0,100
1066,KP002,Mentega,DABM- 1964,16,742,0.5,81.6,1.4,0,1.9,15,16,1.1,653,103,0,0.4,1000,155,,0,0.1,0,,100
1067,KP003,Santan (dengan air),DABM-1964,80,122,2,10,7.6,1.4,0.4,25,30,0.1,9,162.4,0.2,0.4,0,,,0,0,0.5,2,100
1068,KP004,Santan murni,DABM-1964,54.9,324,4.2,34.3,5.6,0,1,14,45,1.9,18,514.1,0.4,0.9,0,0,,0,0,0.5,2,100
1069,MP001,"Coklat manis, batang",DABM- 1964,1.4,527,2,29.8,62.7,6.5,4.1,63,287,,6,499.5,0,0,,,30,0.03,0.02,0,0,100
1070,MP002,"Coklat pahit,batang",DABM- 1964,2.3,615,5.5,52.9,29.2,10.8,0.1,98,446,4.4,20,708.3,1.7,3.3,,2,60,0.05,0.08,1,0,100
1071,MP003,"Coklat susu, batang",DABM- 1964,1,565,9,35,53.6,3.4,1.4,200,200,2,100,405.5,0.49,2.3,,54,30,0.08,0.45,0.5,0,100
1072,MP004,Coklat bubuk,DABM- 1964,3.9,311,8,23.8,48.9,32.6,15.4,125,715,11.6,,,,,,,30,0.12,,0.6,,
1073,MP005,Gula aren,DABM- 1964,7,368,0,0,92,0,1,75,35,3,15,390.4,0.04,26.4,0,0,,0,0.01,0.5,0,100
1074,MP006,Gula kelapa,DABM- 1964,10,386,3,10,76,0,1,76,37,2.6,2,0,0,0,0,0,,0,0.34,0.5,0,100
1075,MP007,Gula putih,DABM- 1964,5.4,394,0,0,94,0,0.6,5,1,0.1,1,4.75,0,0,0,0,,0,0,0,0,100
1076,MP008,"Jam, selai",DABM- 1964,34,239,0.5,0.6,64.5,1,0.4,20,20,1,30,73.1,0.09,0,0,0,,0.01,0.07,0,0,100
1077,MP009,Kopi bubuk instant,FCTEA-1972,2.6,129,12.3,0.5,35,0,9.7,179,383,5.6,72,3256,0.14,0,,0,0,0,0.21,30.6,0,100
1078,MP010,Madu,DABM- 1964,20,294,0.3,0,79.5,0.2,0.2,5,16,0.9,6,26.9,0.04,0.2,0,0,,0,0.04,0.1,4,100
1079,MP011,Markisa squash,KZGMI-2001,46.7,217,2.5,1,49.6,,0.2,6,83,0.6,14,65,0,0.1,,23,75,0.07,0.02,0,14,
1080,MP012,"Markisa squash, BD",KZGMI-2001,74.4,104,1.2,0.5,23.7,,0.2,1,88,0.5,40,40,0,0.1,,7,40,0.2,0.02,0,12,
1081,MP013,Melase,DABM- 1964,21.2,276,,0.1,71,0,7.7,6,83,0.6,14,,0,0.3,0,0,,0.04,,,0,100
1082,MP014,Sirup,DABM- 1964,44,213,0,0,55,0,1,0,0,0,3,4.2,,,,0,,0,0,0,,100
1083,MP015,Sirup pirous,KZGMI-2001,43.3,228,0.2,0.4,55.9,0,0.2,470,93,29.5,3,4.2,,,,0,0,0,0,0,8,
1084,MP016,Teh hijau daun kering,FCTEA-1972,7.7,300,28.3,4.8,53.6,9.6,5.6,245,415,18.9,60,5873.9,0.5,0,,8400,,0.38,1.24,4.6,230,100
1085,MP017,Teh hitam daun kering,FCTEA-1972,8,293,24.5,2.8,58.8,8.7,5.9,327,313,24.3,50,5854.8,0,0,0,2700,,0.07,0.8,7.6,9,100
1086,MP018,Teh melati daun kering,FCTEA-1972,8.1,299,24.1,3.5,59,9.7,5.3,320,185,31.6,70,5848.4,0.53,0,0,8400,,0.07,0.79,7.3,85,100
1087,NR001,"Asam arang coklat, segar",KZGPI- 1990,66.1,130,0.5,1.1,30.9,1.5,1.4,79,113,4.3,13,,0,,,745,0,0.01,0.2,0,0,
1088,NR002,"Asam arang merah, segar",KZGPI- 1990,75.9,99,0.8,1.6,20.3,2.8,1.4,69,300,4.6,2,96,0,0.1,,529,0,0.01,0.34,1.6,0,
1089,NR003,"Asan kandis, kering",KZGPI- 1990,32.2,261,0.9,1.6,63.3,5,2,192,657,4.4,26,341,0.4,0.3,,0,0,0,0,0.4,0,100
1090,NR004,"Asam kandis, segar",KZGPI- 1990,81.5,75,0.2,1.1,16.1,3.4,1.1,63,139,2.5,93,93,0.1,0.1,,41,0,0.01,0,0.1,0,
1091,NR005,"Asam masak pohon, segar",DABM-1964,31.4,267,2.8,0.6,62.5,1.2,2.7,74,113,0.6,9,139,0.09,0.1,,9,30,0.34,0.04,0.7,2,48
1092,NR006,"Asam payak, segar",KZGPI- 1990,65.1,135,0.8,0.4,32.1,10,1.6,60,39,5.7,0,,,,,,0,0,,,0,
1093,NR007,"Bawang merah, segar",DABM-1964,88,46,1.5,0.3,9.2,1.7,1,36,40,0.8,7,179,0.06,0.2,,2,,0.03,0.04,0.2,2,90
1094,NR008,"Bawang putih, segar",DABM-1964,71,112,4.5,0.2,23.1,0.6,1.8,42,134,1,46,666,0.09,0.4,,0,,0.22,0.07,0.3,15,88
1095,NR009,"Boros kunci, segar",DABM-1964,90,40,1,0.8,7.2,1,1,50,50,2,33,480,0.02,0.3,,0,5000,0.08,0.68,1.7,50,80
1096,NR010,"Boros laja (lengkuas), segar",DABM-1964,93,26,1,0.3,4.7,1.1,1,50,50,2,24,137,0.07,0.3,,5,5000,0.08,0.06,0.3,50,80
1097,NR011,"Cabai gembor merah, segar",KZGPI- 1990,90.8,38,1.6,0.8,6.3,1.6,0.6,49,41,1.1,7,275,0.12,0.2,,5897,3240,0.21,0.12,0,16,89
1098,NR012,"Cabai hijau, segar",DABM-1964,93.4,26,0.7,0.3,5.2,2.6,0.4,14,23,0.4,7,151,0.08,0.2,,44,260,0.05,0.06,0.4,84,82
1099,NR013,"Cabai merah, kering",DABM-1964,10,367,15.9,6.2,61.8,26.9,6.1,160,370,2.3,25,181.5,1.2,1.8,,10955,576,0.4,1.36,4.4,50,85
1100,NR014,"Cabai merah, segar",DABM-1964,90.9,36,1,0.3,7.3,1.4,0.5,29,24,0.5,23,272.4,0.12,0.2,,5833,470,0.05,0.09,3,18,85
1101,NR015,"Cabai rawit, segar",DABM-1964,71.2,120,4.7,2.4,19.9,15.2,1.8,45,85,2.5,34,706.2,0.29,0.6,,1694,11050,0.24,0.09,1.7,70,85
1102,NR016,"Cengkeh, kering",DABM-1964,23.3,330,5.2,8.9,57.4,10,5.2,740,100,4.9,282,961,0.3,0,,265,,200,0,0,,100
1103,NR017,"Daun salam, bubuk",FCTEA-1972,13.1,301,14.2,10.9,49,9.4,12.8,86,250,44.1,180,619,1.31,0.7,0,5400,,0.1,0.32,5,0,100
1104,NR018,"Jahe, segar",DABM-1964,55,51,1.5,1,10.1,12,1.2,21,39,1.6,12,441.7,0.48,0.7,,0,9,0.02,0.17,3.3,4,97
1105,NR019,Kemiri,DABM-1964,7,675,19,63,8,3,3,80,200,2,25,430.7,0.23,0.8,,0,0,0.06,0.06,0.4,0,100
1106,NR020,"Ketumbar, kering",DABM-1964,11.2,418,14.1,16.1,54.2,12.3,4.4,630,370,17.9,91,1787,0.95,4.6,,75,1570,0.2,0.35,1.8,0,100
1107,NR021,Kluwek,DABM-1964,51,310,10,24,13.5,,1.5,40,100,2,,,,,,,0,0.15,,,30,80
1108,NR022,"Kunyit, segar",DABM-1964,84.9,69,2,2.7,9.1,0.6,1.3,24,78,3.3,6,406.7,0.05,0.4,,12,,0.03,0.02,0.4,1,78
1109,NR023,"Merica, kering",DABM-1964,12.9,365,11.5,6.8,64.4,1,4.4,460,200,16.4,4,99.7,0.89,1.1,,0,,0.2,0.1,2.5,,100
1110,NR024,"Pala, biji, kering",DABM-1964,14.3,518,7.5,36.4,40.1,3.5,1.7,120,240,4.6,2,78.7,0.94,2,,7,,0.2,0.02,0.5,0,95
1111,NP001,Balichong,KZGMI-2001,59.9,152,13.2,0.8,22.9,1.5,3.6,380,210,2.9,120,310,0.8,1.1,34,0,,0.01,0.08,0.2,,
1112,NP002,Bekasam,KZGMI-2001,65.5,116,11.9,4.9,6.1,3.5,11.6,704,757,7.5,711,176,0.8,1.9,,0,,0,0.03,2.1,,
1113,NP003,Bekasang,KZGMI-2001,67.1,78,11.4,2,3.6,0.4,15.9,54,97,2.6,4016,121,0.2,4.8,,,,0.15,0.12,0.6,,
1114,NP004,Cuka,DABM-1964,94.5,21,0.1,0.1,5,0,0.3,7,10,0.5,21,37.8,0,0,,0,,0.24,0,0.7,,100
1115,NP005,Kecap,DABM-1964,63,71,5.7,1.3,9,0,21,123,96,5.7,1114,,0.04,,0,,,0,,,0,100
1116,NP006,Petis ikan,DABM-1964,56,165,20,0.2,20.8,,3,37,36,2.8,,,,,,,0,0.01,0.2,0.8,0,100
1117,NP007,Petis udang kering,KZGPI- 1990,8.3,345,23.8,1.4,59.3,0,7.1,221,397,3.8,11998,462.8,0.75,1.9,,0,232,1.02,0.4,2.2,0,100
1118,NP008,Petis udang pasta,DABM-1964,39,220,15,0.9,38,2.3,7.1,37,36,2.8,7981,307.9,0.5,1.3,,0,0,0.01,0.13,1.7,0,100
1119,NP009,Saos tomat,DABM-1964,69.5,110,2,0.4,24.5,0.9,3.6,12,18,0.8,890,129.6,0.18,0.3,,357,570,0.09,0.06,1.7,11,100
1120,NP010,Tempoya,KZGMI-2001,70.1,110,1.7,1.3,21.9,2.6,5,190,45,2.9,597,486.3,,,,71,,0.3,0.04,1.1,0,100
1121,NP011,Terasi,KZGPI- 1990,33.8,155,22.3,2.9,9.9,2.7,31.1,3812,726,78.5,1664,821.4,0.99,2.4,,0,0,0.24,0,3.3,0,100
1122,NP012,Terasi dobo,KZGMI-2001,58.4,191,33.1,3.6,6.6,1.6,11.5,2250,1130,22.9,650,1260,2.9,5,,0,,3.74,0.22,2,,100
1123,NP013,Terasi merah,DABM-1964,40,174,30,3.5,5.6,2.2,20.4,100,150,3.1,7850,302.8,0.49,1.2,,0,0,0,0.12,1.7,0,100
1124,QR001,"Kelapa muda, air, segar",DABM-1964,95.5,0.1,0.2,17,3.8,0,0.4,15,8,0.2,1,149,0.04,0.1,0,0,,0,0,0,1,100
1125,,Sate Ayam,,,227,41.3,6.1,1.8,,,17,405,2.2,,,,,,,6,,,,0.5,100
1126,28 g/sj,Mi Gelas Rasa Bakso,Kemasan  ,,428.5714286,10.71428571,17.85714286,57.14285714,,,,,,3428.571429,,,,,,,,,,,
1127,20 g/sj,JetZ (Snack rasa Coklat),Kemasan JetZ,,500,5,22.5,70,,,,,,450,,,,,,,,,,,100
1128,19 g/sj,MALKIS ROMA KELAPA KOPYOR,kemasan,,473.6842105,5.263157895,15.78947368,73.68421053,,,,,,421.0526316,,,,,,,,,,,100
1129,26 G/SJ,CHOCO PIE,kemasan,,,,,,,,,,,,,,,,,,,,,,
1130,4 G/SJ,KRIUK HIJAU (RUMPUT LAUT),kemasan,,500,25,37.5,50,25,0,0,0,0,1125,0,0,0,0,0,0,0,0,0,0,100
1131,19 G/SJ,KECAP BANGO,kemasan,,315.7894737,0,0,78.94736842,0,0,0,0,0,2105.263158,0,0,0,0,0,0,0,0,0,0,100
,,,,,,,,,,,,,,,,,,,,,,,,,
HASIL PROSES BELAJAR BERSAMA MAHASISWA MENGKONVERSI KANDUNGAN GIZI PER SAJI ATAU PER KEMASAN KEDALAM TKPI PER 100 GRAM,,,,,,,,,,,,,,,,,,,,,,,,,
